residence_zone,employed,casual_worker,medical_leave,retired,unemployed,never_worked,homemaker,student,total
1,2181.3288981074775,11.930649426976199,0,374.88716983868323,254.30993851872495,277.69615045548102,127.3229503379372,372.52424331472218,3600.0000000000027
2,2441.0181098157414,0,0,450.04795306227146,162.15881295009339,193.03418721974799,327.48694349888939,671.25399345325729,4245.000000000001
3,8864.8884506848681,793.36583388583847,176.29507139117499,2055.8858246053355,1108.8588355088214,1219.4320570864579,0,2360.273926837519,16579.000000000015
4,14509.962087846972,1165.3956383450511,0,4225.0537237583112,1406.9527686624801,214.41600777221501,651.01100703610496,2733.2087665788654,24905.999999999996
5,11192.586381289073,0,0,2106.3103333507474,220.91638317888331,302.05834648284502,711.4883425823673,565.64021311608803,15099.000000000004
6,12898.058150284378,1287.7074461858565,0,3562.6946310793805,1237.637556879592,493.07994528481402,0,2744.8222702859812,22224.000000000004
7,8017.5868241876979,499.9337503535204,0,2142.2470846596061,1160.1159591056,1254.9986107387249,866.95924404666198,907.15852690819099,14849.000000000004
8,5120.2483620042667,799.09207658969399,33.515191537381099,1254.9556143396458,469.15367603636315,1420.5947194324322,885.89923907358002,1890.5411209866295,11873.999999999993
9,3594.5813092411295,727.03416772239336,0,856.32081118435428,563.96602951734337,436.91512089339102,183.21242666084032,1267.9701347805496,7630.000000000002
10,882.22872294815465,205.28050272202793,0,354.86776685233508,105.0061847163964,188.24147955460597,118.51911719156045,279.8562260149202,2134.000000000001
11,2269.9187598262256,20.572286664426599,0,589.34713221594029,328.27056294795955,341.49529971871709,152.75446975797661,642.64148886875614,4345.000000000002
12,6394.5256330285538,0,62.415148517029202,1097.6525111544788,549.98504940462101,609.252207514573,555.39122510287928,2041.7782252778745,11311.000000000013
13,487.55220209054573,26.699556329581839,0,62.479799525867286,16.227015953925108,50.618152306235601,19.94528964098329,146.47798415286144,810.0000000000005
14,1139.3145402623152,30.9525641683339,11.7007814771114,99.899964089673276,39.005027445749661,153.8398399425437,14.040937772533701,211.24634484173828,1699.999999999999
15,4277.0711122324046,542.59676484951308,52.5070382341816,1418.379018326606,226.52854960046091,743.56867685471525,223.50611260565529,1107.8427272964648,8592.000000000004
16,12239.003172626924,0,0,1913.5474880923339,1492.2144488007118,0,804.63213647730095,2962.6027540027271,19412
17,4211.1154769063442,904.08510129570368,22.623351316616901,995.94627434010056,779.25402352647893,746.26481176184143,366.36482456231107,1173.3461362906078,9199.000000000005
18,13340.084403994249,133.07062994530801,0,3838.6914925394703,1509.6600333927931,2126.2295584078543,1557.9944175976118,4154.2694641226981,26659.999999999985
19,11256.695388285812,246.02974441177199,0,3742.3289092001241,950.26721920222599,0,398.538968655556,3031.1397702445147,19625.000000000004
20,12446.071073776975,0,0,5659.7627236807703,1521.660358995264,955.16797904003101,864.91485697331609,3235.4230075336245,24682.999999999975
21,8954.9327815601027,186.8656504922763,151.539060198957,2939.826146444243,1500.3415383269892,881.86255924388422,134.81261837683101,1953.8196453567084,16703.999999999993
22,6605.124132037985,323.75040530889038,0,2056.3588897124637,498.17812430155976,388.25748668096458,202.20364112242169,1337.1273208357015,11410.999999999984
23,2142.2127940004621,0,0,883.82187401629187,556.32854256481039,236.12123401144351,60.125032827054497,283.39052257993683,4161.999999999999
24,5488.6481576954302,116.34970147383819,49.282631689201303,2153.7563364159046,620.70728571861207,595.09096898525218,395.01037273456609,1318.1545452871944,10737
25,10246.019225324999,193.36036166483899,501.87733866527901,2589.6521662771288,287.51330948600179,985.7230241491269,485.09163431284401,1456.7629401197719,16745.999999999993
26,7065.7512200410665,0,0,2998.9238992819278,0,345.6412977464729,268.99271607093499,1144.6908668596029,11824.000000000004
27,8521.5880488965267,151.07558540008091,0,2015.308743975663,1024.2434808447606,734.35391385082812,779.3852416003931,2188.0449854317462,15414.000000000002
28,4707.622355369831,0,0,1143.6561358632723,213.68010739665388,311.33843444707469,18.5985654801575,995.10440144300992,7389.999999999998
29,6261.3931841820586,0,0,1778.3716881015966,343.28303952940678,0,318.47051131569629,1439.4815768712424,10141
30,9769.9515232457852,44.026774118061603,0,2945.6334773219983,807.26248386092152,624.59789019144603,396.49636728380221,2199.0314839779894,16787.000000000004
31,14597.266448542216,690.60206929632,0,3747.6195604925788,397.7025054267865,442.24781980809001,195.047977132341,2372.5136193016615,22442.999999999993
32,4752.9035182285916,0,0,1306.775079570458,427.01555303832015,255.8650089869478,70.653603333166203,525.78723684252418,7339.000000000008
33,920.51495720319269,11.4444444444444,0,217.48590836826148,119.08169934640514,70.599999999999994,39.122990637696546,159.75,1538.0000000000005
34,3854.9631997726665,98.270588235294099,0,1094.7186274509818,271.07246376811588,453.43333333333339,163.47512077294692,529.06666666666717,6465.0000000000055
35,21845.131092084092,1076.7936998380881,231.76401404580699,3482.9478765283407,1223.808169832226,1853.6554345062618,1062.4386384611162,3787.4610747040529,34563.999999999985
36,25555.679705213512,0,188.64950216067501,4452.8090462638347,1054.4167535327072,4003.799111715306,469.001748646583,3655.6441324673619,39379.99999999998
37,4849.2115001827915,140.5996573929622,0,1179.3716255788086,328.5221159755082,226.05764214595683,878.95835827688961,1437.2791004470814,9040
38,2212.1783757178487,249.54970760233908,0,757.83624708624711,512.30481360744511,372.9999999999996,297.79752265278569,1121.333333333333,5523.999999999999
39,5744.0910768474878,281.07390953084831,0,1987.2295937465719,1100.7905433113506,764.27835122758665,521.27101804487506,2817.2655072912949,13216.000000000016
40,4161.197887003651,227.28185514791267,0,1100.4090609565401,312.78198609420133,1125.6783411838762,219.12739922571077,1063.5234703881119,8210.000000000004
41,10217.178166587855,750.22164660403507,183.43903252194599,4103.3432887165609,616.65156109937698,1544.339367722821,967.60329293198413,4927.2236438154196,23310
42,3373.7651462012473,250.64304662684,0,941.5256492410299,455.76149065327155,646.16972941687322,154.69809804016131,1088.4368398205763,6910.999999999999
43,15628.573986630181,518.38634606863536,296.95167620963593,6250.0614302798567,694.61655662632961,1822.0791788142687,1508.6534096947969,5374.6774156763067,32094.00000000001
44,8847.350645150078,0,0,4367.6523725890675,2702.2765363914273,223.93234234015881,326.98811833098722,481.79998519829093,16950.000000000007
45,20810.765771864721,0,0,5322.6243228690419,1359.276397947594,898.25395327331603,353.6492200668265,5101.4303339785083,33846.00000000001
46,16568.877414985931,504.434975067702,0,7365.0594939133962,4964.1232283896888,3811.8720292832381,364.00581234309601,3534.627046016944,37113
47,11727.326661368103,196.76587735821599,196.76587735821599,5544.0426476212697,3904.3535746335992,1458.3593633644969,593.69548022697302,2383.6905180691265,26004.999999999993
48,11016.421516914961,349.746192885607,0,3979.9990938415485,2727.4239728682883,1726.0872293787811,2430.5722935018825,2571.7497006089388,24802.000000000007
49,8808.792196237664,351.21890569434083,0,2255.9978296740155,603.43002369713668,334.46552371370274,298.39208628556116,2208.703434697587,14861.000000000007
50,4945.4320284034393,0,0,2794.4483196272058,258.83401454159747,296.692539225872,279.16710746959728,987.42599073228598,9561.999999999998
51,8422.8302194976222,240.49072718524673,132.25271804700918,2539.6682170468689,988.38582534519253,728.85018918461697,631.67619128236061,2200.8459124110941,15885.000000000013
52,5572.2388338675073,415.96048463618843,0,1995.3768474800472,0,230.68340877757799,232.60125029158974,1076.1391749470824,9522.999999999993
53,7849.8775215191399,122.16304778335009,106.44838192223899,2786.7722532467201,590.75410627547308,863.77907580024976,0,1736.2056134528211,14055.999999999996
54,4424.8257855053989,12.4710374369847,0,2197.3860472313863,369.90634427438954,326.26578359944398,168.07191388035511,946.07308807204151,8445
55,9126.8493628130818,0,0,2672.4185329346146,299.84682653741123,148.68570055232641,328.8087819747974,2902.390795187765,15478.999999999996
56,10707.142238127342,130.275671963821,0,4494.1214675376013,2013.5479516005541,1342.7411938664341,238.16930949594931,1493.0021674082868,20418.999999999985
57,12756.888627463328,0,0,4895.5505591344991,809.76479721999249,0,582.93794391940696,3173.8580722627712,22218.999999999993
58,18313.499552298879,238.98427708517499,0,5940.2316527370194,2243.5034828088137,1292.9088854952342,1036.5028616382097,5261.3692879366708,34327.00000000001
59,26482.247888074904,511.50343125766904,0,9345.0036203934797,5076.195330804434,1112.74054902894,2052.0838421550275,5541.2253382855515,50121
60,12308.130907729999,43.812062877562198,0,5152.9649805131276,391.62856716908914,0,179.52462438529182,2598.938857324938,20675.000000000007
61,13489.313776282866,0,0,6094.2683703662178,472.899463897717,0,3254.5637437263003,3226.9546457269098,26538.00000000001
62,2783.4759974483377,0,0,1089.7344073555155,166.62447216432719,15.376968239659901,275.94184902088273,607.84630577127677,4939
63,1105.7391329047266,0,0,490.49469787915177,42.147007128210205,94.829931972789211,34.123086734693899,282.66614338042928,2050.000000000001
64,17418.885923058369,104.01797773291101,359.48912118111303,5335.6110372925441,1213.838904138395,1509.4459087122409,1898.9148039458573,3499.7963239385585,31339.999999999985
65,14509.559240657622,0,77.368421052631604,5884.4705314009661,852.89168078298439,974,124.133333333333,3889.5767927724455,26311.999999999985
66,5837.5058047426664,104.56649575182919,0,1777.2676245725902,465.49043865398102,399.92062356020779,656.18862831169292,1141.0603844070324,10382
67,5740.8918742096967,30.997719980388499,0,1455.2313449405779,58.480757834470097,675.013100512763,246.03324714083399,704.3519553812705,8911.000000000002
68,13624.948111615806,48.850282418627501,177.54768118598349,5134.0309190181879,1275.0074051725558,1446.5189167380211,888.55703096306536,3004.5396528877336,25599.999999999975
69,5940.9341623643559,0,0,1795.1579889824045,707.45484382156781,420.57961706095801,93.595511577778609,1694.2778761929287,10651.999999999993
70,7627.2508844905615,0,242.02927785564299,2420.6506064312421,942.12901132586569,495.37891482520803,259.97775835529097,1383.5835467161858,13370.999999999996
71,18113.2587987605,343.57216830252003,0,4441.0819699635795,1061.2800284667678,1159.1029394285752,1970.7711822217432,4211.9329128562977,31300.999999999985
72,5819.5583211524172,253.78868351595759,0,2930.7505836929117,1375.005717465863,746.26201876438995,259.07892834695463,1794.5557470615088,13179.000000000004
73,5253.6639534406459,0,81.558666534986699,1607.0788012613523,306.40055138199403,418.73044662566872,490.16769973603687,1712.3998810193145,9870
74,5833.8701906360575,32.618104159586899,32.618104159586899,2787.5720942075404,336.27760868183611,430.91573542079198,532.0135629045252,1538.1145998300842,11524.000000000013
75,7607.9650936387079,86.140741403574197,41.364302146318501,2459.4742742273061,386.24979718996053,673.91106411799637,313.78820929480622,1670.1065179813327,13239.000000000002
76,5477.6308753009762,65.650249409045998,64.327503722168998,1660.8353626215492,107.850322311893,352.19374350639498,229.20697670004031,1291.3049664279251,9248.999999999995
77,13176.763865164134,0,0,4395.9904790869805,547.75664796250499,971.57431832089401,724.8642904661823,2515.0503989993099,22332.000000000007
78,9398.5674362163154,0,57.412129024989198,3804.4415026563133,588.22443962123361,683.0403007430142,1063.3231638392381,2399.9910278989041,17995.000000000007
79,5747.9323072311527,0,0,1676.1573759874229,288.35311181736637,367.65267345271837,33.465520219455101,1440.4390112918829,9553.999999999998
80,10806.258532393533,0,45.378971104947503,3873.44488112925,1011.0714783018041,934.38842649975402,303.60005089154993,2100.8576596791654,19075
81,6946.4013655934823,0,73.15789473684211,2097.3222222222212,490.93139901034613,629.33333333333303,171.34523809523819,1503.5085470085457,11912.000000000007
82,7857.3735389471449,77.709187007092709,12.997795717157,2036.6704667367292,463.42472513088916,565.40316737600347,133.42332786426769,1250.997791220715,12398
83,13378.139786820007,308.99151705346299,116.670383655143,4107.4846245556955,966.47971892865075,1079.7968714344418,417.08243684914959,3004.3546607034395,23378.99999999999
84,9014.6015686687242,137.3230224544937,78.707036108991701,3193.2501070125199,365.64916688526739,640.87905574676199,499.12227401146021,2768.4677691117868,16698.000000000007
85,2337.8944460129228,130.05714285714291,0,720.99311594202857,121.9361111111112,198.0000000000004,148.61918407679283,633.5,4290.999999999998
86,1563.5223102770065,33.787618255977861,37.906353138681681,592.84164678659954,113.21370043103408,113.48226803777138,145.18389668523679,431.06220638769111,3030.999999999999
87,10268.745174124486,197.01813205939411,0,2695.9084132187563,535.24765937198947,613.97095075741072,152.75199362970031,2285.3576768382695,16749.000000000007
88,23618.08425675235,232.86155484489541,0,5740.197176737699,2089.806815290804,1805.2330325743992,493.90343272962656,5151.9137310702572,39132.00000000003
89,7109.7207145223874,274.30697722555198,0,2707.6949844806863,429.36021256807931,254.01645071397479,206.32649665588761,1343.5741638334332,12325
90,6842.7540276415293,295.15889770657611,0,2450.6270680019038,868.55463203050124,507.91778299462936,288.3949952829575,1455.5925963419013,12708.999999999998
91,5131.3891750317198,1201.0267744993259,215.70671365559429,2389.8665887635525,2007.2644934611837,664.61574751111095,763.34860431488084,1966.781902762631,14339.999999999996
92,1594.6294117647062,43.985294117647101,0,649.76666666666608,356.71666666666664,188.00000000000011,45.9019607843138,607,3486
93,5803.8762585015984,0,0,1737.8511782646356,345.09196686508869,543.05257571053096,256.44907800195602,1665.6789426561888,10351.999999999998
94,3283.8591983928295,352.95894092846288,32.970329444306103,714.08717163548727,253.63292010712215,279.75787162297297,143.6655993105251,1028.0679685582929,6088.999999999998
95,7822.8449157875166,504.02567171717169,0,2794.5477769032714,1091.5628320864851,545.99663312812254,785.95340980224478,2826.0687605751882,16371.000000000002
96,3405.6825135144177,87.747483840559795,0,1087.9064412457042,514.34955158432672,343.020417741232,201.9851437257052,785.30844834805578,6426.000000000001
97,8844.9782744340191,0,0,3177.8048123549229,701.33033008754683,747.17087414979073,209.10114181218523,1809.6145671615336,15490
98,4361.4284592506938,438.15363522108396,0,1664.4149196577873,435.00719808051224,223.68435083977599,385.80645161290357,1323.5049853372429,8832
99,4220.7797022014211,406.46722602998659,0,1638.3732051417198,449.28804232181142,806.73336072305619,328.867257992129,896.49120558987283,8746.999999999998
100,14569.842167008581,979.583327985295,0,3994.2063277363477,493.96479265777828,621.15642358991795,522.48324448021503,2526.7637165418582,23707.999999999993
101,10458.043013283841,1103.4255025271777,0,4363.6231499977748,1710.625390097257,759.455306816845,959.09749219310697,2210.7301450839941,21565
102,6897.1665565553458,0,0,2270.9945812010383,397.73519700514362,501.64030331119119,196.11081907304819,1791.3525428542368,12055.000000000004
103,1368.5219240718857,0,31.024198604138199,496.42432934603301,55.799945852655,93.043226107204006,58.751623748366086,399.43475226971754,2502.9999999999995
104,3691.8884760223009,0,0,773.60441071545529,210.27202442850898,313.90957951103377,286.52002633983039,1112.8054829828677,6388.999999999997
105,7583.1309984766558,60.717539920175099,0,1544.2620178256809,904.88692571931551,779.12184910187898,350.32095336946156,1778.5597155868293,13000.999999999996
106,2926.3224151861318,870.13523851427954,0,746.01072620964067,1019.6623772548339,345.9631895639518,166.40823251926392,929.49782075189717,7003.999999999998
107,10178.01658612656,123.9473860302912,0,1662.3740296234571,473.20867752998493,820.03574765306621,354.802608454584,2748.6149645820692,16361.000000000013
108,2717.6419241167396,78.772397094495105,0,697.96853284798203,525.64005025906772,284.61594571848877,318.0817437353499,662.27940622787503,5284.999999999998
109,52401.791929251849,4720.8924592074045,691.25162855656799,19747.121942899299,8658.6045356072973,5421.5995531491062,4784.38827859107,23222.349672737411,119648
110,35202.694680815053,0,0,11001.446074891395,6333.0606932919491,6145.8154426899364,1020.898719209359,4838.0843891022741,64541.99999999997
111,27394.343453949245,0,0,8520.610183371844,4551.4038094302778,2261.6444621729861,1146.1229046099941,7356.8751864656233,51230.99999999997
112,13585.377521540309,3377.3965474158354,240.65078381625801,5835.0001065130818,5488.6706449867143,2370.0293985653066,3812.2978603567976,5151.5771368056949,39861
113,10671.153548225082,1089.8559713064581,0,4675.0819640897953,2443.3954737288573,2278.1855028483892,1173.766008434266,3012.5615313671483,25343.999999999996
114,-,-,-,-,-,-,-,-,0
115,20519.979321316026,3906.9807925412956,0,5494.0681532357858,3449.9586203143022,3762.3663269880039,4803.1912575426368,10023.455528061928,51959.999999999985
116,65149.493077006657,10019.399506732876,403.63479543838901,15911.968430989064,22102.777625701601,11989.39946472319,6688.5887015205381,32642.738397887722,164908.00000000006
117,29689.186259065071,3854.4630105111219,2929.9118220414871,3702.2242493546019,5947.6600661142638,4469.2425119520458,3062.9760364290205,8326.3360445323924,61982.00000000001
118,5877.375235445229,1028.6326602231854,61.3705964932117,966.08770413834998,1207.5321937990338,1665.8593417256452,1834.9485004347075,2608.193767740634,15249.999999999996
119,32936.028193780803,6986.7973015661955,499.58456187986098,5159.5972866920574,14119.087766980903,7256.2633799728574,3915.8406612971389,19029.800847830174,89903.00000000001
120,-,-,-,-,-,-,-,-,0
121,32188.119536053917,2971.0576564198941,462.784660884571,7597.9291808451317,12572.206099914169,7918.1060464400307,4182.7188304395913,14456.07798900269,82349
122,22299.655905274234,1042.148154625178,723.87891819479796,3878.8373219872024,3734.371424599929,3635.8109441065258,2863.4827560659337,9630.8145751461852,47808.999999999985
123,29342.023717860473,2306.7769320445473,0,4450.4485346884267,5572.9943160380953,7280.185550152074,2348.186096423789,11328.384852792615,62629.00000000002
124,27991.067339298643,749.776910688361,0,5576.3348898741469,5366.1030051051139,5013.3436270704269,2070.1057887237057,9763.268439239584,56529.99999999998
125,25477.041657937851,1032.5777937196999,316.07800436999997,8547.0609969331435,4583.7332437934392,1610.679584056352,2273.9208785719866,8111.9078406175186,51952.999999999985
126,17830.126493970871,942.72367113046437,0,5814.9990977552716,2771.8729068775187,2540.9667904089201,454.34129235230398,3938.969747504646,34293.99999999999
127,29089.539613931225,536.70107403597103,182.21626083240201,7054.1762258972876,5164.9398849922591,1260.529440639084,2191.6487901889359,8923.248709482823,54402.999999999985
128,1310.8361728145871,44.804006020819003,0,418.48288580321781,80.754234521780205,0,66.277291109564999,224.84540973003052,2146
129,1898.2274370865416,58.913425221716537,0,957.96968889552511,219.68850246849058,160.45391440424811,60.624975694637101,468.12205622883926,3823.999999999999
130,3179.0188014319397,19.380293138706701,0,631.64334017719364,395.56698558452041,396.51134341409926,407.46156110954621,625.41767514399464,5655.000000000001
131,782.01200560227778,9.2752729971098997,0,257.86615118337818,145.81849819043393,119.88687530918844,26.11316706156002,88.02802965605224,1429.0000000000005
132,-,-,-,-,-,-,-,-,0
133,23367.422400076557,295.21346289568299,0,8297.2724300614682,448.60205104459999,2662.208974257825,1630.6773946637659,2082.6032870000909,38784
134,14552.376441134345,390.00376445866198,0,6225.7766249793949,2638.5481706358096,1606.1757761630759,1135.9284730339298,5517.1907495947962,32066.000000000015
135,20184.863091218289,696.6770812790021,0,6243.0842904572983,1287.020493773696,1544.0051784833881,786.77414840061999,3917.5757163876974,34659.99999999999
136,15317.219972109844,2335.8278521722214,0,4261.6907867781283,3919.4690699423454,2689.239582212901,61.602217739342798,3508.9505190452132,32093.999999999996
137,24020.624963123308,0,0,8006.9593006137602,3072.7604475443059,4383.5285938022334,3465.5093640390178,7493.6173308773514,50442.99999999998
138,5411.0121734865916,0,0,1177.9876454223454,1285.6365161835356,429.16325602777886,1276.4808471563877,2330.7195617233642,11911.000000000004
139,12635.258413414418,1437.9467229132229,0,3637.435808067291,2796.2824664126933,951.99871029165604,1198.02580782217,4911.0520710785495,27568
140,19861.985278393022,0,0,7726.2317908428859,5831.5518130725231,2874.1047717020178,1649.3705656846448,6997.7557803049058,44941
141,41859.210767399243,0,0,9853.350243877243,8090.9017592554992,5800.0397432593263,4819.982113762032,12307.515372446653,82731
142,29958.723215913622,2897.7286265792923,438.54478716124902,6739.8292426683374,7934.980809089293,4601.1690265395055,1031.8914971163849,10594.132794932353,64197.00000000003
143,-,-,-,-,-,-,-,-,0
144,50008.536833890495,5135.7524216041438,347.76361044565999,11208.84656100706,5728.0268956268183,6443.8343554417825,5058.8412483968914,14315.398073587156,98247
145,3817.7325000783217,83.577926060509,39.872286978788601,1369.6734361297033,388.0997655275595,482.40751401527399,868.49701090103838,944.13956030880399,7993.999999999998
146,-,-,-,-,-,-,-,-,0
147,12164.535105528616,1187.990421466659,428.23992240927498,4334.3671428001126,3498.362882259833,1692.4850743259681,948.58615844948508,5040.4332927600481,29294.999999999993
148,10969.007995315604,0,0,2373.8153876804458,1523.0154215763591,1243.6997106528802,414.1710936259426,4462.2903911487665,20986
149,-,-,-,-,-,-,-,-,0
150,27846.073091358689,0,227.53644895984499,5447.6791259474303,3663.7715398591622,3515.0000000000045,1659.9740464148001,9314.9657474600845,51675.00000000001
151,35995.570516556028,8031.257693508599,0,9311.496356249485,13590.078418718191,8830.9035739530118,9163.0794566806617,14568.613984334075,99491.00000000004
152,19815.936593736107,0,0,5825.9726059079994,2200.8817928938415,2492.9970343666132,1481.10610646395,4009.1058666314943,35826.00000000001
153,8800.9756765615293,258.62320357503,0,3860.0859266280941,418.36689259798578,853.137859704221,865.56408091185881,2000.2463600212789,17056.999999999996
154,25108.029477657004,0,0,9041.1318424392994,2155.582188385868,2469.2655358397519,3528.1254005554961,6847.8655551225756,49149.99999999999
155,12354.588930108781,151.231977024705,0,4653.5463468715843,2953.0746366352291,1654.1193876208281,3437.2392655443309,4744.1994561945503,29948.000000000004
156,15723.592067674337,772.286479384838,0,7131.3884256197834,8495.7310242518834,2171.9788312297537,2517.4005653289751,5697.6226065104147,42509.999999999985
157,8103.2807689410693,184.83430917917488,0,2401.6489304109496,1485.5089748516425,1825.721674670918,1069.1449202655933,1970.8604216806598,17041.000000000007
158,23522.241614492526,2495.0195814330373,0,10191.37338212863,2910.0048682404072,6305.9875066472114,3777.2863372425377,6162.0867098156459,55363.999999999985
159,28129.139422468877,500.63622361898803,0,10949.829040227563,4638.9568468357447,3438.7554498909244,3858.6785542909806,10915.004462666921,62431
160,25265.145620750809,1293.171063712115,294.88438517437697,4614.1116024284302,745.83559408336305,4250.3163287921889,3663.0669548521564,7308.4684502065775,47435.000000000015
161,25236.071725859922,1402.1472445386671,0,4364.9661237243054,6208.4288551471436,2554.7786681570719,977.756605857674,7104.8507767152259,47849.00000000001
162,9540.6024592554368,560.86976992733753,148.11156376618001,2115.7894816132439,549.97804871741778,99.903037899245803,919.24052974660685,2021.5051090745342,15956.000000000004
163,21482.694821380072,147.706575812479,785.98071296700596,7343.4025764175667,1638.436216991154,2330.9218101619622,2077.8420663597699,6529.0152199099903,42336
164,4140.2282420983438,260.41160677836291,0,1544.3528574964582,431.71665782036297,294.64830159775141,244.1914679359935,1127.4508662727283,8043.000000000002
165,1662.4818755081913,0,23.027015228165698,602.5744565934524,285.02443169430268,210.82462892581083,231.4399743078518,499.62761774222565,3515.0000000000005
166,15591.724588424502,187.639504617272,0,5890.4072337815223,2356.2966725798719,2662.9215776646729,1055.0244024072824,3195.9860205248942,30940.000000000025
167,8548.5697869912437,346.62718099424262,0,2647.6729863106443,334.03120448211655,430.44822436674178,372.50449997804378,2879.1461168769656,15559
168,14662.986622876124,0,0,3128.5378651274305,391.15033871004499,1313.9997614074612,1710.2866415525245,4174.0387703264259,25381.000000000007
169,12879.581121554471,278.56944667349603,0,6937.0979055192856,1065.0915955676535,996.27146088346694,2181.3942086618972,4832.9942611397464,29171.000000000015
170,16705.3823219681,748.00908382412899,0,9559.7208474615745,3651.986013725003,1458.2751202327618,2813.416559221715,7230.2100535666923,42166.99999999998
171,15874.003312977722,807.95834553575867,302.81164036350702,6304.6919503123772,4781.35742478061,3305.2548916015039,2206.6596970344103,5532.2627373941068,39114.99999999999
172,11790.083163160396,1002.145545101794,0,4795.601552187607,1944.2880285019701,1415.4277126431639,1224.4338146831237,4272.0201837219402,26443.999999999993
173,13242.528140060191,0,0,4599.4001157056091,2758.2244876726181,1463.6612531059138,1995.6729935008311,3957.5130099548519,28017.000000000015
174,20445.654062414415,404.86797245961878,0,6730.2864517529888,6001.3164864668197,3216.3155858881478,2827.5335674166249,7276.0258736013529,46901.99999999997
175,15973.846674728758,0,1029.744727817241,6304.8294682627293,3985.6230114526193,2027.6173160819612,1340.181498173743,6000.1573034829571,36662.000000000015
176,19974.394638060367,1091.7224039126049,0,8153.5784233936374,4660.7641093666771,2542.8967449953179,2205.3918643181009,8026.2518159532929,46655
177,6908.3188320026229,0,0,1701.3403446134246,1635.4086862548647,1003.9938544725408,930.16024755264107,2281.7780351039069,14461.000000000002
178,-,-,-,-,-,-,-,-,0
179,-,-,-,-,-,-,-,-,0
180,30327.692936715059,735.68683031303101,0,6780.8563622395768,7786.2402384296456,4383.9932767213713,5753.8236956054825,12760.706659975842,68529
181,23526.808665884313,0,261.686674707934,6058.7447842063139,2609.8729918546455,2709.0947671933845,2532.6033418158531,8896.1887743375719,46595.000000000015
182,20477.870717102305,1176.389710041067,0,8226.0418480665485,4758.357487100835,2680.5900671231038,1802.900294920079,6745.8498756460685,45868.00000000001
183,20396.702100156785,0,1107.8494232358639,6386.1328514719653,5853.9160374614203,2329.8970557636444,2390.5041879437199,7780.9983439665921,46245.999999999985
184,10771.730517998551,0,0,3183.5587013948084,1894.0221393615136,1151.9212540036401,2036.1203467801001,4648.6470404613719,23685.999999999985
185,12273.719251631226,728.7278446056871,0,3845.9343122508308,890.16704722778309,1923.3308619112156,2331.7325836322916,4440.3880987409666,26434
186,5525.1989413014335,62.524755628129199,50.2969261032692,991.67824985886307,723.81109519065092,644.56887846537154,535.73821231786712,1577.1829411344172,10111.000000000002
187,19717.837159125731,2768.5388020441701,0,7289.8553021950738,7014.0998707562139,3192.4484017978775,2209.8159290620815,6332.4045350188635,48525.000000000015
188,13499.049788960074,1537.4020834294356,0,3138.6291482413872,3118.2086997984197,925.59255145983605,990.50559963377918,5557.6121284770743,28767.000000000004
189,18071.787793847845,0,0,6983.5890604323768,9743.6293502161316,3239.3133769898959,854.24647468599017,11012.433943827777,49905.00000000002
190,17422.040764370598,457.90972877898798,0,3938.0245052722657,5383.2765052839486,1632.3880615661469,2108.0815054477639,5365.2789292802881,36307
191,-,-,-,-,-,-,-,-,0
192,16396.121584004566,531.04995794028196,120.497406590106,4345.3560645769403,2343.4076062303784,2838.7117359851695,4230.989190144629,7016.8664545279171,37822.999999999985
193,8422.264957659736,219.646876620852,0,3186.5428152190602,5885.2312843989575,1732.612317137769,1388.0313005068347,4336.6704484567827,25170.999999999993
194,10765.295427197356,196.04818028353151,0,4268.3280848768809,1961.8254349872816,2238.8248941826569,1885.2757886057946,5292.4021898664923,26607.999999999993
195,20328.388559559848,0,0,4101.9169666180978,3507.9696927895111,3388.7370165321631,1960.7974262011116,7100.1903382992632,40387.99999999999
196,12884.566494795516,1579.4334811279559,178.28989929649001,3531.3636262265754,3242.3687176295566,3076.5720720336099,2844.9738502432988,6262.4318586469853,33599.999999999985
197,9133.0149364541303,150.503207404184,90.238934895200799,2717.8187450578816,3020.5351968638643,1413.8315292236048,2561.4108475110711,4307.6466025900663,23395
198,10795.264823076539,1046.8217766717648,0,3032.7279836489947,3517.2772171057427,1907.8834438459608,859.71806545175696,4869.306690199237,26028.999999999993
199,44377.766857778341,0,1804.3622031764239,9129.2024697957331,14080.199732597202,8202.0245716221343,6813.3809271399141,15227.063237890225,99633.99999999997
200,13551.47187595711,929.47582736355207,0,2666.5843380016745,5060.2505734826618,4737.1962709956697,1992.5651465917883,4052.4559676075655,32990.00000000002
201,27810.99860819921,0,636.97249701850501,8637.7371193966846,11274.727729549411,3305.7780904035103,5100.9508644257257,12361.835091007004,69129.00000000004
202,30711.028656574694,3619.9210510236999,0,5709.9770034250232,9368.0596381109553,3969.9382900196888,6444.674984507511,15215.400376338393,75038.99999999997
203,25303.699150399163,248.52232474250701,247.16372458211299,5146.178496995467,4483.7869136681111,3972.0000000000014,3670.4628972562346,9984.1864923564099,53056
204,46035.862357805512,2757.1872908577861,535.33544157569497,11242.099144807236,9989.8777099096969,8639.99999999998,12775.975211887404,23443.662843156679,115420
205,43898.25407838956,1787.6956802685331,0,10505.637191438849,10253.047350626375,6990.2114042927005,6830.7803531665804,17243.373941817437,97509.00000000004
206,19067.452706037711,818.57151835390448,201.392626530569,3017.3938163437938,3675.2981364757534,3513.2422786881434,1423.0251076042607,7725.6238099658622,39442
207,28721.821020440831,6347.8788418651411,0,8601.8105742310181,8719.74765887166,2922.605356492068,1952.376921288984,16178.759626810321,73445.00000000001
208,24474.89481305172,320.63530928156598,0,8455.0960453805856,3790.6711917815173,226.730348157073,1026.450606116571,6857.5216862309589,45151.99999999999
209,22236.092278383152,2123.6783529205286,0,6685.866157970002,1586.0554591337291,1355.8968465396579,1770.5428745571628,5583.8680304957943,41342.00000000003
210,13773.473318725653,1054.00634522676,0,7426.7774321929219,1359.719164679288,2830.5322522400165,5310.6941129660727,2355.797373969277,34110.99999999999
211,28485.64589068072,560.09371242066197,0,11358.086578734457,5234.1296938980868,2983.1390873106629,3578.4081721140851,8166.4968648413515,60366.00000000002
212,20905.694475338038,1949.4842098886941,280.00007414237803,8356.2058985081803,3211.4526070949087,3059.3591691366005,1983.1721657190637,3651.6314001721585,43397.00000000003
213,25560.511186266409,853.56847846438791,571.88378119134495,7664.9785579841109,2485.4670525784591,2250.2429235167019,1928.7269563669929,7087.6210636316082,48403.000000000015
214,13758.666426129705,1062.9778954919279,0,4919.7099828650189,2599.3130207663044,185.5568881615294,1550.207154956538,2090.5686316289816,26167.000000000007
215,21083.424611138747,285.81552902947197,598.296575809768,8541.7023143435381,1727.7360946494321,2972.4277960431668,142.90776451473599,4803.6893144711494,40156.00000000001
216,14967.12338333142,1209.014935177901,0,7377.6353379303755,5147.2857173000684,2546.3975964894644,2194.8204117786881,6365.7226179920672,39807.999999999985
217,11104.529194098302,0,0,6142.4651868553701,7159.6690837439319,1068.3593529649741,1733.2318679811187,4831.7453143563071,32040
218,29411.340749044848,0,1311.5178369389159,12195.208916105446,10731.657705753354,2480.111584887648,2615.6353231184621,7164.5278841513264,65910
219,20755.276285721917,1730.52194962159,348.87136513690598,6155.1354284861491,5240.2454143015875,1804.238668495,4492.1512495415927,8512.5596386952711,49039.000000000015
220,15646.703457676169,1157.0697565846299,487.58531793356298,4065.1329273364954,1879.0972193510561,839.95308648338005,3517.4951867479326,7773.9630478867603,35366.999999999985
221,21936.431116817112,2030.0453127465412,0,6192.3967198866449,6833.7426301936184,3215.7946146456998,5366.5096318428632,10075.0799738675,55649.99999999998
222,23454.276944837602,1333.4937641447841,0,4556.2515635178752,3028.4461344947422,2625.727236517414,4254.4499556847541,8545.3544008028184,47797.999999999985
223,12403.841652142883,1042.90390078318,129.69797627299999,3419.8061704334509,2885.6095019141048,2208.8037598268993,1279.3624762536513,5363.9745623728359,28734.000000000007
224,-,-,-,-,-,-,-,-,0
225,21063.738233739434,0,621.689280524124,5597.3105325510096,5374.9156341559928,2334.5772703965749,4293.5101655001508,7736.2588831327257,47022.00000000001
226,35719.835922161379,784.64357856715003,496.76142322799001,11803.597900804756,9834.8379738463773,6496.4341199214223,7287.477204696781,11983.411876774187,84407.00000000004
227,26805.207509993677,1354.717249485363,0,4809.820298254077,10423.866677944794,5982.1651744603687,3414.8731321493528,11280.349957712338,64070.99999999997
228,23439.665968113015,3252.8944210498821,0,4332.6670642768158,3705.2657741538674,3562.8503057697362,1343.8784148328307,8323.7780518038289,47960.99999999998
229,58177.652007913479,6773.0399585574705,1735.4339815440139,8425.0273211666026,14200.184940749401,11656.374591588297,10655.784947767666,22556.502250713074,134180
230,19521.956651915658,4589.5634995320534,624.08031223967203,7810.5338979564558,9084.1220635704267,4797.0000000000009,3931.2569733820528,14463.486601403696,64822.000000000015
231,20526.430499877766,3425.2496975484109,0,3105.2494575928267,3574.5924685355185,5071.4046785767587,4629.307158477317,8813.7660393913993,49146
232,20660.941126368627,922.00103665159691,0,3465.7184154336501,7255.5755998920904,5818.31375993862,2587.2802698900782,6119.1697918253658,46829.00000000002
233,23309.410330170893,3181.3312897360775,246.405466098007,5059.3172321350876,7978.2001843447242,5204.2837179662529,2327.2282937302366,10138.823485818735,57445.000000000015
234,24624.881639381216,6606.8643159230878,910.34052643012501,6601.0341836242387,13680.575949753425,5666.5199622421169,7119.0366301825134,10622.746792463262,75831.99999999999
235,27886.721804806511,2301.110301690986,514.682292766052,4247.1735993604316,13278.438106764024,6204.8708274460269,6135.6434247235329,15425.359642442456,75994.00000000001
236,5964.2378248452787,344.45546092819109,364.5137773407792,2120.9875152681025,604.82665061990519,507.82607370777072,508.25431493487895,1656.8983823550914,12071.999999999998
237,5971.3158750407438,235.63401119269463,138.54752932024749,2225.9546231676459,599.10794729767088,270.42240716930002,405.61185140481342,1237.4057554068886,11084.000000000004
238,8160.8641323300762,463.09910419470003,0,3439.0629237953403,2800.529413064166,1436.5347441495699,675.76080091330414,3047.1488815528401,20022.999999999996
239,7459.957687192169,665.22549337941723,0,2041.0598969342354,384.01456260894224,485.15754905700703,1513.8308438223346,2214.7539670058941,14763.999999999998
240,9220.6187548441867,590.16899825312794,0,3983.0040533391107,833.40877436320829,1005.031835949251,2001.2371810459758,2822.5304022051405,20456
241,6359.6272525486002,179.389287146915,52.116368396650799,1622.4458592535973,212.57561401059101,450.67731626555502,622.11389209189349,1365.0544102861918,10863.999999999996
242,16031.338140057162,597.10718238733295,206.85993608363799,4047.1564973746495,2736.068743329241,1862.8896861054561,530.15618948210897,3885.4236251804173,29897.000000000007
243,24945.728004797955,0,405.97566952506702,6768.7994124933475,2113.8379602738605,2347.5231387870322,2041.403520307455,7170.7322938152902,45794
244,37501.728159319442,1225.813074504425,916.04160077999097,8358.1322082116585,4352.1247793518933,1300.0410973557121,2678.9792887717836,10847.139791705094,67180.00000000001
245,10357.376692135858,281.64072748269973,0,4485.6431673088391,3771.72739715541,2831.030174067399,837.80823358689304,2515.7736082628962,25081
246,16573.072100270889,396.52695604512553,0,4116.9779565551999,1595.4553125483651,594.86796179831902,1412.2572022694862,5506.8425105125989,30195.999999999985
247,36109.609202311869,0,0,14515.031969219795,16586.161201032945,11941.55197678583,8742.9012164029918,11785.744434246591,99681.00000000003
248,-,-,-,-,-,-,-,-,0
249,16922.624389903944,476.82240885990899,176.74757913114399,10061.535546514033,953.12809158890809,2205.5255207774449,2189.259142459216,6134.3573207653999,39120
250,10749.357368420982,603.80566345802595,0,2824.8003986582303,131.837992351705,1440.3698181722671,1279.371667764244,2858.4570911745418,19887.999999999996
251,10597.693800813109,191.12236042135601,0,4013.0328238261454,3275.4520469179392,1827.3799568756958,1395.48694660193,3730.8320645438234,25031
252,11525.424093179294,281.72817880909702,0,3147.1058216224433,1978.1112582114288,1105.3709476645233,1085.1074471887732,2563.1522533244247,21685.999999999985
253,2398.528461143389,65.1673636875597,45.619122551445997,1220.0572030263436,594.26162470787153,291.06987050490267,313.27002276147618,678.02633161701624,5606.000000000004
254,18049.944664678187,896.3124213815629,0,7398.5982448469513,1647.9667006211939,1753.795198032946,1786.2230702350707,3625.1597002041117,35158.00000000002
255,24944.679194855711,2503.2458183067602,580.01198788112595,13919.706032469992,2403.0146785135221,2384.3491927729501,9400.583901901924,11416.409193298061,67552.00000000006
256,13015.766042201923,838.93682178981203,0,4341.2561050594577,3857.5143664859052,1102.2889855987021,557.85343071091188,4169.3842481532783,27882.99999999999
257,22717.154202398622,1287.517866067783,1253.7760869746551,7165.8169071586799,4283.5298997556902,527.0278224257579,1225.703757573415,5932.4734576453975,44393
258,31181.246963070713,7544.0124573041549,0,11632.335695137579,4310.8277116631261,4413.4437420726799,2990.7742084113029,7119.3592223404739,69192.00000000004
259,15261.783748638823,1248.099034445406,0,4969.9296455981357,3360.8633876118392,2623.164971754451,2532.2882920951993,4704.8709198561301,34700.999999999985
260,25603.895439697342,1341.49000615876,0,3356.5704691550368,2456.7640609492287,769.15646539461898,1664.807592782832,8083.3159658621953,43276.00000000002
261,22656.373606696579,4356.5416811915047,0,6770.2035499789481,2746.9976327637441,3751.34173101648,3077.0960805279824,10120.445717824783,53479.00000000002
262,31755.827939455623,3169.0896419209048,0,10774.52938359964,8783.0638633388171,6568.30444521134,5518.18766906161,12606.997057412098,79176.00000000003
263,23653.691617804056,3937.9042175137051,0,6637.4461593465794,8898.9779558137143,6368.5823659162843,4727.6562582046608,8485.7414254010218,62710.00000000002
264,34882.832293958782,1352.177336574422,0,7535.1027470450281,2394.2626085280358,4761.0566213360689,3745.6459561945949,9634.9224363630728,64306.00000000001
265,18771.499316929654,2689.2053269441963,0,5266.2759195884282,2972.4325394804846,2367.7862858103404,4489.9385559446901,6280.8620553022147,42838.00000000001
266,9232.9005001803671,255.039532186163,100.210915689346,2421.9699159691659,2144.452963273055,963.11485026387686,1333.4041782388481,3562.90714419918,20014.000000000004
267,12567.853822729181,780.35350391285203,190.30401004357299,3327.6371354064509,6968.1028506905968,2021.4657087089888,2191.7856296882364,4344.4973388201342,32392.000000000015
268,6836.2954901713074,134.13222173306892,57.0989736530016,2063.9322127058063,486.82113396780403,650.83337991665871,616.6496878706256,2057.2368999817159,12902.999999999987
269,16027.152156009353,552.61379942885276,0,4887.9711750900533,595.82042602745162,1348.8272794989782,359.11068314725401,5580.5044807980648,29352.000000000007
270,5310.4743543391169,124.4477474870036,0,1587.6376524302789,275.46224450836394,561.77039617957769,351.91042567019701,1274.2971793854626,9486.000000000002
271,-,-,-,-,-,-,-,-,0
272,10302.241214651462,45.632164319970101,45.632164319970101,4217.0879637111357,1501.5448335875758,1525.9426502706553,618.38428606798618,2826.5347230712268,21082.999999999975
273,34445.643843181206,196.06168676178899,242.29283637425499,7921.0082787108404,1780.7425387436399,1461.035041231554,1360.8374233952281,14457.378351601468,61864.99999999997
274,17489.380769291831,1032.8100947975652,0,5345.1888919351441,1968.7153392367882,2534.5007323531563,612.69337664696923,2826.7107957385442,31810
275,21063.11367451058,551.35492199200303,0,4224.618604185237,2961.9977787747421,436.80438086031199,1189.658668969885,8024.4519707072423,38452
276,43145.879131127142,1593.9169236500741,500.39946100672398,11739.980252995972,4900.543680264881,6145.5758025570922,5089.0176820792831,15065.687066318857,88181.00000000003
277,28333.745985861497,1034.0547308825201,603.01643780858501,9586.6419235259,6473.243366591455,3876.3022749740057,3374.0204529220091,4347.9748274340564,57629.00000000003
278,54277.424880460851,4127.9915880418421,198.857232512114,11292.54014728223,17258.14074789076,8966.2911729784246,4434.103384620068,22391.650846213746,122947.00000000004
279,36161.110615129845,1568.2063891463399,0,10427.033998472676,5636.7675327330326,5566.1541055754433,2329.1168603503511,13144.610498592338,74833.00000000003
280,10761.702279340279,146.80642443276801,0,6493.4769752900338,1926.2551425778493,1300.5441186352348,2255.6615208684498,2678.5535388553817,25563
281,17622.183665286968,926.61041009536007,0,11665.333999949129,1196.575024790458,1682.290731328017,1478.0197389660771,5073.9864295839798,39644.999999999985
282,16115.616819540088,849.30331804938294,0,8803.3225600805654,2428.9329610443428,1680.4139586454626,2884.33188217724,3473.0785004629115,36234.99999999999
283,9514.6095930392385,368.38594329347569,101.45802954827001,3563.7665523130049,556.75438295260119,1500.0151674868914,285.79652372141948,1471.2138076451067,17362.000000000007
284,23707.73073227088,600.70515136035999,555.67415534975498,6824.5405972457438,6471.2789231026863,3167.4924383862499,3647.0087402692038,7478.5692620151458,52453.00000000002
285,46999.041521452833,6082.8130694316642,1857.0946976265782,10956.088135962857,12552.366443233144,9991.1532907166329,6285.0381901776882,20474.404651398585,115197.99999999996
286,5363.8688534114526,426.91308873566226,47.983741408636703,2074.4444489879088,955.20959430646053,433.53091591845697,667.79229777420869,1541.2570594572128,11511
287,12328.547022406026,0,113.538697702774,5886.6784997559444,734.20218394293727,1057.4864322211388,2194.6527404780813,5169.8944234930932,27484.999999999996
288,7862.1278883248287,457.74085581181077,275.04059499196899,2364.7376168371356,1568.4500194573463,1166.0274319501509,793.39703249138825,3773.4785601353724,18261.000000000004
289,21729.073202095798,1669.398865067976,0,4538.8798026127051,4709.6119669270893,1758.1757346202701,1398.1937966622229,9042.6666320139157,44845.99999999997
290,26796.735594451358,0,813.19011062098696,6733.8718903193503,2335.5753755246556,2304.7752790986469,3736.8812306540931,10158.970519330906,52880
291,31471.84925667489,5679.6341705437326,2445.9233855362099,7592.2782881602989,4605.533714055402,3938.5711995878805,2729.937529123642,12542.272456317944,71006
292,30840.377328033024,2771.5504023230633,0,5572.7689980918822,2606.6282548155223,5701.9457867976098,3774.5588398011932,13811.170390137686,65078.999999999985
293,27819.780710656127,1920.3895911971972,454.85488064927802,6568.5233886555543,17780.329197953361,974.97640756371004,3740.765906100914,17643.379917223861,76903
294,29769.536489791175,18950.074226194272,0,8187.674827943596,12763.150877719749,8273.9094127245971,5257.7395630434567,18568.914602583161,101771
295,49259.469010437322,12886.246091300069,860.60358277730995,10076.7693191788,11308.188593557845,9564.00000000002,7527.9897443487371,27857.733658399971,129341.00000000007
296,8141.4076340804122,950.80465368715886,0,1753.7225917795004,1361.3343406772094,1757.7591020392401,2899.5389359926507,4476.432741743829,21341.000000000004
297,1821.7012601425145,955.91888401531605,0,481.76677497769617,659.37440662873632,592.51621680328196,506.65417448407283,1303.0682829483792,6320.999999999996
298,44602.93616000536,25683.663490645806,0,16636.861519245263,13246.344277164813,6342.0566021355207,7631.1988685724273,37049.939082230812,151192.99999999997
299,4552.3192671221041,949.22768914346705,0,1135.8457263504515,969.18732355871657,709.53573669121602,971.92520442625687,2438.9590527077939,11727.000000000007
300,-,-,-,-,-,-,-,-,0
301,21955.452425462274,321.41987916642699,0,9060.1582547919916,1917.805171814814,1661.2656080625231,1396.9798971773989,5372.9187635245908,41686.00000000002
302,5833.7164835164886,340.86483516483526,0,2124.0571428571425,590.26098901098908,528.99999999999898,1083.0717032967034,2049.028846153848,12550.000000000004
303,9366.9614096153691,386.15327269026272,133.98433837954599,4001.6323027905505,841.77748639564606,697.44160563717708,755.336383156696,2823.7132013347532,19007.000000000004
304,7022.1384947628903,135.68365580443941,87.818027502395807,2551.5052634783751,506.85979100619818,822.32338974486163,1067.3348111186035,2033.3365665822425,14227.000000000007
305,36926.25655424768,1968.497888713295,0,6263.1119179225834,5438.8975316643246,6207.4558103579675,4625.5553253314838,11975.224971762651,73405
306,57423.720842195849,3494.296906190581,295.01271053060401,9223.9554965698935,12411.191509606631,8933.1726970622403,5302.2577488214565,16565.392089022713,113649
307,30718.1573177557,1438.6311187714018,0,10415.76092096484,9031.6621840072494,6734.6698039256316,8636.9557785065936,11792.162876068545,78767.99999999996
308,46862.57406276877,3270.5734814636371,395.43725086512802,11693.394334204546,8725.5767859837197,10075.739433794339,11406.317485870673,21715.387165049255,114145.00000000007
309,14930.497029673865,2458.0729487537783,0,2856.3486775900201,7374.616387805273,5613.6553127373209,1585.9222499279199,4712.887393511819,39531.99999999999
310,27698.563118360209,889.15333776945295,0,5197.116107222656,3193.4128262684048,4483.0000000000009,6144.7095399490227,13258.045070430257,60864
311,9978.6802976757936,1401.7943452334889,0,1977.8997754620984,4519.6664803113717,2113.1038052507579,1634.6852246148421,4355.1700714516583,25981.00000000001
312,34869.632741783083,1564.083110905495,0,6020.2035456145759,7594.5394907743348,6183.6561412518249,5963.2282854884961,16452.656684182228,78648.00000000003
313,20673.34807855777,2302.6184107564168,450.42083357549399,3139.1930759873335,1479.157664860553,6786.4598266784296,1937.3078549350671,3158.4942546489342,39927
314,9356.3589725606635,242.32315638862701,237.90426113130621,1843.6879547026406,2460.1208578625783,1347.5793904908321,1352.7624520947893,4191.2629547685556,21031.999999999993
315,40729.085703764373,4791.1340398871171,428.51773676389098,8373.9600616571624,11018.84021894822,20505.420335875377,6368.7265376867936,4144.3153654170346,96359.99999999996
316,52937.466598020226,5693.9776602855736,0,12050.36760353239,9451.1181988616172,9112.9946683383059,6900.2975731970928,24028.777697764719,120174.99999999993
317,6849.7265844287385,132.47741086893299,109.1209516836071,1845.3724807999943,572.85557324369324,800.27663427027846,264.82385858841252,2294.3465061163342,12868.999999999987
318,1399.5847501819064,6.0645161290322598,0,294.39100877192988,94.547087813620067,204.56451612903226,149.54812097447933,496.3,2645
319,11399.111894925021,130.1431651071992,137.94241459508299,2662.5380771313166,1760.4983114750803,1218.0918224258171,309.48651348731499,3448.1878008531808,21066.000000000015
320,4084.3968331831161,135.18412226163349,38.996520004227598,885.18689474683083,372.84769956119084,612.15252379917797,538.27496244342046,1528.9604440004055,8196.000000000004
321,36257.962147561149,3721.0300478933618,0,6072.9793267836112,5689.7389280772786,5283.1148423771192,5657.8711979558448,11675.303509351652,74358.00000000001
322,23986.950015874139,700.05946854489889,109.842906945338,1313.0649693935552,2498.3402514522663,2732.2515551974871,223.85179013386301,8398.6390424584461,39963
323,33329.840765651235,137.61844661466199,0,4952.2784954925164,2254.4398221057972,3827.3559970628812,2434.8971167266809,11602.569356346161,58538.99999999993
324,37207.893050510982,1743.5214030241318,0,6107.0929066081726,3109.1870719378389,5024.7262185135305,3895.450776332736,12642.128573072627,69730.00000000003
325,37978.833819571955,726.09861047314098,0,7319.5349778136469,5494.6879757786164,5000.856705082866,3860.8854412341989,11673.10247004556,72053.99999999997
326,18288.501676602198,1945.269447083735,616.00353947793201,3859.917604119988,2296.2799704372487,3236.204102024351,2810.5230308168475,6156.3006294377101,39209.000000000015
327,26089.996946854873,2001.3770434364531,481.35435761935997,6236.9723282018376,11480.371605649249,4348.6934405059883,2175.0950540605463,8222.1392236716965,61036
328,13953.452687570485,465.00845914140393,0,3204.2118471800313,597.1117160688375,1573.7283979691781,902.68039094760161,5265.8065011224526,25961.99999999999
329,11627.565692858438,788.94870994486701,96.130733250098402,2301.4381309064183,2256.9649982920332,1830.4869957876922,366.6339994596986,3562.8307395007419,22830.99999999999
330,15578.588538393942,664.18895122790343,130.34627762922199,4523.2798358141627,2217.8157631774825,1851.444622025705,1541.5147052647367,5549.8213064668516,32057.000000000004
331,23428.067000701278,200.76102735283899,1000.75601339704,8266.7509548420312,5498.013302786705,6631.1010466224034,226.99702193611,720.55363236158996,45973
332,22782.790061650143,1982.8986945627012,298.17697848289902,4302.1511705385774,2942.7357037403954,4326.7005202501286,3583.7502433646041,7582.7966274105947,47802.00000000003
333,20511.852214363182,1687.1105228812592,0,5863.7304975016514,2741.0586697530034,2649.2904893601831,2827.3819714388792,8667.5756347018523,44948.000000000015
334,12743.801062777151,55.327722737296199,0,2475.0261454438196,4298.3247095313582,1058.256068871023,1540.74645544334,5741.5178351960058,27912.999999999993
335,24105.681015432743,1398.3017065019681,0,3540.3494616265848,804.63000403600302,4693.9558774535017,1460.6890450814092,6397.3928898678005,42401.00000000001
336,17660.922963055542,1611.688926513807,143.810675640977,6663.9085442894257,1993.1711753307309,2344.4644227550575,1953.7125325323029,9137.3207598821646,41509.00000000001
337,24541.823418192067,398.88996354633002,0,7475.8387756983875,1973.5785792565721,4368.0292163657505,1431.5401378769839,10802.29990906388,50991.99999999997
338,13047.332019538673,0,0,2502.13882230943,1101.8701129285862,1669.1136730043561,1028.191348042237,2682.3540241767164,22030.999999999996
339,17343.006769291154,1951.525144606529,0,2773.2218308546685,4173.2092203089396,3118.6381301417109,761.00763744703363,4606.3912673499572,34726.99999999999
340,-,-,-,-,-,-,-,-,0
341,3900.08586936753,140.92040215529801,0,1743.4700562722669,291.63130468545342,65.753082144442203,196.15581173464662,1067.9834736403623,7406
342,5433.5340979736438,124.49483461786829,0,1594.5126030259933,452.0933573939148,0,647.67956422711029,1150.6855427614685,9402.999999999998
343,11148.570901378303,0,2665.7288594006232,8954.2191854905941,5041.2178198160491,3578.7408741357899,3275.2963651706541,1527.2259946080001,36191.000000000015
344,2521.2159606102559,0,0,694.53403713108833,412.45131196842033,138.93488376566299,257.66737133503869,1271.1964351895342,5296.000000000001
345,23279.768103682498,869.79874533740804,0,6511.9342470065249,2995.901029832874,4730.0478488675926,2971.0625068061549,8768.4875184669254,50126.999999999985
346,17907.115180618388,2860.3964851006572,0,4738.7147251803017,2354.4597234913203,2052.0272658784602,3599.9199084947477,8167.36671123613,41680.00000000001
347,-,-,-,-,-,-,-,-,0
348,40980.708202601585,0,0,7703.7994354009043,9707.7679945258224,8269.8798736787103,5925.2363128884972,13403.60818090445,85990.99999999999
349,4041.5689684632484,139.78900266490439,37.306181137294701,558.0523241174277,1434.4106688637848,1153.8811183442979,755.76918385318027,1570.2225525558601,9690.999999999998
350,-,-,-,-,-,-,-,-,0
351,28095.114370582844,384.28513895817503,0,8295.1787463210167,11613.261332398513,5196.1873549478305,5478.2372560913909,13733.735800700257,72796.00000000003
352,40646.969466273324,517.00973454179996,707.33321106568906,7536.8590892761404,6308.4880348144088,3934.4346898095118,796.31178035486107,14775.593993864277,75223.00000000001
353,-,-,-,-,-,-,-,-,0
354,-,-,-,-,-,-,-,-,0
355,-,-,-,-,-,-,-,-,0
356,26359.11693685221,793.37227343212498,424.770464817424,5290.8904943048083,6496.9491220675627,2616.1042884299673,3563.5405899098696,9640.255830186019,55184.999999999985
357,44894.139117509039,299.55392816593502,887.01841429703609,10936.244013422935,13990.577035199361,9673.8430268601478,6994.8521271403179,19562.772337405229,107239
358,2557.2940115440106,158.1071428571428,0,637.71428571428578,992.41053391053333,483.99999999999898,355.97402597402595,1360.5,6545.999999999997
359,18842.115273011506,150.65893184971901,160.86544687380299,3649.6830791935172,2882.307659907452,2938.9644489541961,1350.7158971567137,8492.6892630531056,38468.000000000015
360,11590.08252361073,0,0,2268.686986623442,867.142710593365,1040.8799750178021,152.00185217214801,3729.2059519825179,19648.000000000007
361,11785.147378308666,0,251.60074288566,1514.0592901761031,1580.1266546223289,1078.1715907600251,1588.0891897420454,4417.8051535051745,22215
362,6719.7715854833614,0,0,2136.87067993237,1741.6376455064717,680.62675789263596,1175.2242623283228,3342.8690688568367,15796.999999999998
363,9701.3528375885126,0,54.754024553444701,1884.579126329787,985.74460978622358,583.71154223204201,874.90871690414519,3876.9491426058512,17962.000000000007
364,23632.615054236201,745.03392176507634,0,4783.5009278160196,1920.1586853212443,1121.7091501487589,1453.809813430162,5546.172447282519,39202.999999999985
365,4348.7229489690289,172.72639209162048,0,943.40374340291044,498.36509606765719,727.16130233063268,555.69118910658142,1459.9293280315692,8706
366,4496.0861411138003,0,120.39512479195849,1100.5718838579153,442.59241222027214,584.35791822038755,698.79518105998409,1812.2013387356824,9255
367,16806.655858458613,608.43288608314799,0,5333.8126043720422,4628.9741883894058,2783.6313872902283,2846.8485421390646,9229.6445332675066,42238.00000000001
368,15643.658174976596,0,0,5169.7320127705598,2187.316798148096,2059.2044027940769,1354.5369366403329,8568.5516746703506,34983.00000000001
369,18103.016247119449,455.00617180749299,0,5229.4358431964047,2790.4628527700502,2586.8083820945026,4162.0323918424028,9480.2381111696741,42806.99999999998
370,31111.38221770016,0,486.46212954569398,6658.5821789282363,2167.3027085058129,3574.6454249968833,2014.1095676109369,8861.5157727122805,54874
371,45358.768765662207,0,1428.5633432079501,11800.412335118333,8749.8063034962579,4587.7040590531569,3795.3406641396241,21941.404529322455,97661.99999999997
372,31437.316642030171,0,0,8021.2111199585679,3800.8770523647481,5660.2010405875026,5220.7766349616668,13754.617510097318,67894.99999999997
373,28021.70249950821,683.72451754886197,0,5607.8062688591635,4067.7479052912158,2918.6516654579741,3600.9185579707932,9473.4485853638089,54374.00000000003
374,21233.866819962655,1946.7707673340421,284.21464835754699,6996.3631939185216,8120.3593351687632,3894.2634216048459,7461.8308757190844,11683.330937934523,61620.99999999998
375,-,-,-,-,-,-,-,-,0
376,36503.904753246046,1752.2603595902399,0,6204.3242910912368,2484.701810661476,6452.5494493120086,6904.3938663887711,12188.865469710228,72491.00000000001
377,20933.108802339226,1333.1947448739302,0,5268.5346811254094,3366.1670177434753,2500.4747531256899,5299.5741152084747,8965.9458855838111,47667.000000000015
378,76649.553132957488,2170.8277705070022,1591.9248259918072,25206.609088789814,18059.098319184501,13261.154620739415,23975.58545063368,36877.246791196216,197791.9999999999
379,34313.293536159785,7212.773423653628,1333.0424441039681,15235.143206632756,13809.204534609009,7591.3934701409198,11794.371478004254,14171.777906695694,105461
380,28270.202744675265,628.91206928242605,0,5457.9826260535674,6084.4977434849743,1837.0874205361711,5582.4978076703119,9085.8195882972741,56946.999999999985
381,47407.264964691931,0,905.99054311381406,13326.011362500145,10041.435473350661,7305.5846067040738,8669.1094403702209,16600.603609269194,104256.00000000004
382,-,-,-,-,-,-,-,-,0
383,47055.781250942018,0,386.69393319096002,8374.6915146285191,9991.9873995829566,6513.1298748723566,8581.2839562724184,17751.432070510764,98654.99999999999
384,43332.158435257203,0,512.67280008853299,7984.951216706826,5318.5644796544411,5003.3503499787857,4719.1895441941851,14826.113174120015,81697
385,15781.486001227628,0,796.77731322897307,2815.3441705061041,1438.024622299527,1893.7658460506839,2517.3873828897599,4348.2146637973256,29591
386,-,-,-,-,-,-,-,-,0
387,2417.9524404964777,0,0,618.82061605316972,0,270.61656441717781,274.40197469325142,619.20840433992259,4200.999999999999
388,36562.390623099389,1911.597116789701,0,7744.377121055627,1357.7781119086469,5385.0659590345695,8332.3378881761273,15895.453179935925,77188.99999999999
389,4334.067264616785,156.12781581279899,0,1019.2289659579094,542.41433496986724,452.81670198433994,491.36010349326966,386.9848131650341,7383.000000000005
390,18709.104701876011,0,0,6330.5639430951142,3925.4796873782821,2459.1058893935528,3430.3625451972957,8287.3832330597888,43142.00000000005
391,4106.2878787878799,0,0,1897.1500000000005,1587.9727272727273,626.00000000000102,790.92272727272689,1931.6666666666679,10940.000000000004
392,-,-,-,-,-,-,-,-,0
393,-,-,-,-,-,-,-,-,0
394,34653.277967155751,7891.2632885354806,0,6909.9510178601122,12551.718351662721,7307.1383487146813,1621.3915294200169,13002.25949665125,83937.00000000001
395,-,-,-,-,-,-,-,-,0
396,43848.969854490279,4645.6730099099295,690.283952634701,8435.8985968345878,10895.695096803089,12026.850407631311,6423.3300148082699,12418.299066887879,99385.00000000004
397,8926.4637926942632,1930.4093651732167,0,2212.1596609623452,2330.7669296009735,1117.3022805108001,867.80371307099767,4126.0942579873972,21510.999999999993
398,36716.780280380204,6262.517600271065,0,9082.7335896603126,7081.4534602805888,6700.1791417222394,5155.4674629169458,12968.868464768659,83968.00000000001
399,40092.840380462432,8188.8411119016055,514.151954367038,6982.1121662036867,12279.835388519461,8249.6526562003673,8034.0489407906516,18055.517401554727,102396.99999999996
400,27101.560103322296,4238.1564058123158,0,6011.4621072894452,6660.0551271320337,5239.7099504166727,4165.0986917776372,13182.957614249548,66598.99999999994
401,43185.108241991453,8174.0898732171472,552.51009127469104,11039.452273808611,14251.138069712335,9662.421918553955,15238.946204617443,23559.333326824348,125663
402,32209.528185558298,4835.6289920146482,0,7806.4300084702509,9054.7254183299738,6692.9133886431291,7036.3454408408434,15483.428566142909,83119.00000000006
403,52230.665919690699,3579.3459038730407,0,12168.048894789339,11127.671820526883,6560.7692397734554,9202.2728175721822,22066.225403774453,116935.00000000006
404,70676.369336193864,7186.2523579742874,322.63650815124799,20191.447169066301,8659.1852362605896,11563.043722972605,8871.8084055274448,26555.25726385376,154026.00000000012
405,10678.861106111672,795.5793397805769,0,3883.5217069361274,1590.0005865551484,1848.3704423835468,2270.6187142294293,5081.0481040035074,26148.00000000001
406,6507.4857037885604,1532.7910511927269,122.946487157088,1525.3948743378655,1293.0953054956428,2093.5454337444594,1922.3553546786359,2597.3857896050381,17595.000000000015
407,32777.34750428277,1486.143808008429,0,10527.970338330513,6942.4997778287861,7305.1642548478694,4851.6991446941865,17779.175172007406,81669.99999999997
408,15795.723608120188,1306.746926165283,497.45280799707501,4928.0099804324536,5071.6049998169028,2279.6601436669712,3171.6499283793087,6851.1516054218118,39901.999999999985
409,16862.752364707558,831.68605748628499,0,5663.5993945896498,1846.5713080024839,2399.2638809981509,3027.7664112293637,5483.3605829864928,36114.999999999985
410,46007.049779005014,9031.5651731092385,0,16907.985361293962,14631.75509912686,9010.9694265721919,8475.4439061199992,18830.23125477272,122895
411,22824.513970195181,1904.8253274239737,0,7584.239929508698,7402.4412806730352,5290.7341684166786,3411.2734565531978,10411.971867229213,58829.99999999998
412,7372.1931644098167,1538.8710574925142,0,3125.6477618862632,2566.8201799921826,1149.4279841314099,1708.7544045049631,4891.2854475828508,22352.999999999996
413,5505.8728369906303,440.59597050318985,0,1624.0660643260439,1759.0566365458367,886.62403736719398,1221.5988887872099,2439.1855654799037,13877.000000000007
414,7411.3667397660847,863.89912280701708,485,2937.2284090909075,2088.3313131313125,1164,978.38494152046781,3388.7894736842113,19317
415,17163.404184305287,1232.2674181015309,0,5183.7442243283931,3211.8065552790217,2761.4839600520022,3270.3397030605684,7498.9539548731891,40321.99999999999
416,8751.4842057254918,815.791267277668,0,2526.3850600534311,5310.472357814906,1726.9604454190098,4208.9427547649575,3546.9639089445527,26887.000000000015
417,-,-,-,-,-,-,-,-,0
418,7999.0321738612001,2307.3965698016818,0,5103.4962431035501,4742.9411394403714,1908.073726098007,3096.2807027009258,5067.7794449942421,30224.999999999975
419,-,-,-,-,-,-,-,-,0
420,5432.6982085684886,353.62474905554501,0,2330.8339452353985,1799.6324280064985,1248.1777320498049,1788.6085141189753,2373.4244229652909,15327.000000000004
421,-,-,-,-,-,-,-,-,0
422,13121.437395143648,759.69097931908914,0,4606.5841448959782,2024.6643453884071,2126.6566992265912,3551.2430054595193,5815.7234305667744,32006.000000000007
423,-,-,-,-,-,-,-,-,0
424,21516.011778359538,660.55650797767794,0,11042.375406938358,3900.1921464294728,2606.3826666241807,992.44445736680791,9599.0370363039419,50316.99999999998
425,26446.659082038153,358.44013487402998,0,8741.6197659085919,5030.7984433826132,2667.0612378850569,4784.1289416323816,8787.2923942791967,56816.00000000003
426,14091.695639159298,371.88187341596199,340.713210731213,8922.3266299371371,6112.1102755444117,1427.9802247167199,884.72270020061103,6230.5694462946749,38382.00000000003
427,3330.0028034864154,348.94863412408802,0,1658.4589507413523,729.51678842418596,212.10620353691223,276.69029383641362,1239.2763258506329,7795.000000000002
428,8429.8112906674814,301.56735908515498,0,2015.3422387659739,1889.746910898376,781.61361211103269,793.19337334840407,2274.7252151235748,16485.999999999996
429,39507.430600759311,237.54189622693701,0,11561.602965261034,5797.074752517201,5015.3246624104595,1105.786640806622,8223.2384820184197,71448
430,17146.961833939844,597.08371676025808,470.36504744016901,8036.9939905077599,3896.767739309345,1968.0707600333649,813.46623785707106,3697.2906741521829,36626.99999999999
431,12557.364148446644,0,211.62526704958401,5791.0375192520423,1774.6517296420309,2091.4398353036877,2748.2689637760541,1488.6125365299461,26662.999999999985
432,10986.787219393493,500.98340809223703,0,3789.8204276136953,2751.3100819355495,2083.7755283900515,1955.5676800831957,3195.7556544917607,25263.999999999985
433,15227.86651115393,581.33621726468891,738.68818121034155,3746.2162166166768,1612.6135726956343,1415.6891649547952,1869.7735013917147,5650.8166347122251,30843.000000000007
434,25584.742784237253,1323.4968134826509,0,9540.0114469990549,3965.9694785403026,4018.8865522692836,1490.5001059604481,5046.3928185110253,50970.00000000002
435,27137.45297789275,325.81411733372698,0,9284.7820847753119,3764.483754839096,3123.5167942773137,2160.6017899539529,8674.3484809278452,54470.99999999999
436,28614.192112685127,2412.1418150691011,0,8831.3138989555755,7589.4452131899325,2954.6661582917759,2508.2562160124971,9048.984585795999,61959
437,19641.30262557228,1780.3042983738683,282.99437007949803,7986.8315982890917,3714.2241431578454,2117.3920588724131,2185.7435196139695,7701.2073860410283,45410
438,49500.617165483505,3835.7565158845214,0,19684.801259325697,17765.545750158428,5608.5894609846027,6311.4314838969221,17013.258364266298,119720
439,60022.750580397689,1562.4667589393669,2378.1282247140462,18240.794938560299,8821.1458413230575,7334.5820690237388,5153.4125554095572,13637.719031632289,117151.00000000006
440,48272.745862165422,9829.0257583841048,0,23176.780178896988,12726.941079512879,10894.664713607544,5245.0286541686683,14836.813753264441,124982.00000000006
441,948.11672734296576,161.34714158428039,15.732378646608501,617.10707079420592,192.25618859311669,62.893844264537996,156.05408285001099,367.49256592427469,2521.000000000001
442,19845.435399843198,1171.000609009461,304.54549811607598,4838.7047750239371,4394.101252651777,2888.5512837885999,2294.7436002455415,6079.9175813214215,41817.000000000015
443,47577.778033978058,3244.3961658895078,947.43005085328491,13901.05442141502,12524.660554095661,9348.4166590257191,10580.495551204625,16469.7685635382,114594.00000000007
444,58704.851979609462,8534.5645186028487,748.41749813498404,20353.009805276019,23490.804574856564,13178.934439369243,11137.430107764974,16668.987076385936,152817.00000000003
445,39648.368369930307,993.74475816377003,0,10947.681781729125,9442.475452047247,7829.7705841651132,5754.9842707167827,13428.974783247619,88045.99999999996
446,10244.496375142051,923.82526652132901,891.60368375441305,1876.9843301333408,5068.2033833600854,1764.3877975045971,2548.0891450401728,4818.4100185440084,28135.999999999996
447,32863.503034595095,3272.3579728991758,497.386805857171,15748.078256061601,5762.4625424511596,3586.5904807086731,5490.8166391925724,11783.804268234589,79005.00000000003
448,10400.295258812164,1107.9949984001412,66.934136343662701,4002.9935413148423,1840.9448563822491,634.62645831745681,2141.0991657846512,4402.1115846448429,24597.000000000007
449,5886.6812605101459,501.30721988040904,60.443110189943802,1914.5292694230286,637.4976879509062,968.87061457985737,1564.0494116732198,2556.6214257924839,14089.999999999996
450,6670.5938876915698,475.13276546250688,93.859195402298795,1795.7846218755681,317.44872485632141,0,535.2836543285888,2343.8971503831408,12231.999999999993
451,15525.684149479226,128.10657343624001,545.05549739588196,3889.1691105964615,2207.1108755945043,1886.9639109167958,2634.171961158273,5859.7379214226276,32676.000000000007
452,41208.790798190508,8061.3039067546115,0,10246.901576375811,7245.5147744418591,3878.9178260418107,6801.3180256292162,20571.253092566149,98013.99999999997
453,27898.96158299972,222.79579288560501,0,5887.1662478807903,5962.7759627707792,2202.531430211649,3229.1123324454707,9347.6566508059695,54750.99999999998
454,23540.848948321418,747.07904347731005,0,4350.4919117468835,2386.4342779437384,2219.5280104453159,969.67996567518321,7575.9378423901335,41789.999999999985
455,29369.454796845272,1215.0984737620379,0,5659.0748717336928,4833.53045025746,2565.6039436478382,1165.6633372206757,10046.574126533047,54855.00000000003
456,44077.085807296498,1343.9591636524251,195.79397347818099,15262.887633291835,5870.3052370248424,2980.1251376399359,3067.4756937032225,17038.367353913083,89836.00000000003
457,72636.689002764077,6335.996142949979,1983.2789870531801,23490.916544397242,24072.594350801297,7989.4867733227347,9920.6643528339937,29025.37384587749,175455
458,38776.58021735424,4629.2849549424973,0,12218.845177242296,9004.1762697860668,7254.5017093229744,5960.4712392484153,14971.140432103517,92815.00000000001
459,20961.417043327681,275.006169049883,0,7836.3184151206588,6347.4624162949885,2707.2289289391815,3431.1368962541424,8388.4301310135015,49947.00000000005
460,8426.2975608910492,112.069047024846,678.974035959415,2679.564968058261,2808.3720962077336,1088.1183016219779,1803.8737623141999,3016.7302279225182,20614
461,-,-,-,-,-,-,-,-,0
462,67005.667372267257,2099.2122054459537,1341.8534232772558,21869.250817779575,17743.389633268056,7272.9391082996062,10224.798300293667,24199.889139368639,151757
463,31569.090316516435,3953.6113068870955,0,10467.616219044048,6558.6471214696303,2495.0683034907652,2030.1712624507391,12662.795470141282,69737
464,44230.281521840436,3173.0362842160139,0,10320.046280177046,13619.951561030479,7441.0363427029952,4805.496674017737,13590.151336015309,97180.00000000001
465,44355.832912033351,2126.2449049429633,2800.0971125836577,10391.503311724633,19323.076050413936,5684.5265841030478,4894.5667745677738,18286.152349630669,107862.00000000004
466,23598.574075046829,2281.2531173814627,0,4281.8077927485774,8048.5234318695102,2275.399599611656,3575.6640928328361,10004.7778905091,54065.99999999997
467,31251.231836653351,4489.9951893086281,0,4744.2034511766033,10678.210839303323,6319.275125474479,3116.1062505800292,10787.977307503566,71386.99999999999
468,36429.930586204428,1207.0194259577599,0,9818.2583711277057,1860.040205683217,2328.7291483927561,4836.1163399123188,15373.905922721802,71853.99999999999
469,25022.992365408401,1719.0683060347051,239.71857497310901,5883.8669055699911,1409.5532213813615,3226.8459028873658,3152.7335832731637,9114.2211404718673,49768.99999999997
470,26360.70690622503,15572.438615437623,593.64820138847006,13296.079696132714,13423.698719027607,4750.8013891381679,6173.9045442937459,16792.721928356659,96964.00000000003
471,24020.636822073575,1205.397650788879,1790.833247919898,6609.4669557382686,11383.87978571478,2207.6508572092298,3926.1417843501149,10695.992896205258,61840.00000000001
472,27539.606721425189,647.82228761255897,0,4484.3196182253578,9418.1117212936097,4194.8991602306814,3642.9789356288043,12987.261555583804,62915
473,53951.087144905687,4106.791065242166,1653.994176963186,10684.851037200346,8974.3957981703916,7450.4506700977827,9057.7026219715335,23179.72748544885,119058.99999999993
474,24758.097845564338,2492.792508658285,0,6763.4731789869875,4621.3570531491932,4540.0101582222514,2675.3504589380768,9743.9187964808862,55595.000000000015
475,8403.4165607782452,595.0992414894672,0,2748.3085364149138,2299.0805465572275,1432.5223444946191,871.95652817173277,2313.616242093794,18664
476,59529.575289870838,6907.9001264386834,1350.9019360656871,17234.998570844855,10419.106330333854,9326.075205443427,14699.065382177279,29082.377158825315,148549.99999999994
477,2091.4239514171936,487.58314444773652,0,616.02790676226834,197.93951563054509,108.1411073172244,585.203294637412,1239.6810797876187,5325.999999999998
478,3420.3167452302405,261.53911778896997,0,604.54137445581864,1406.4501101956516,551.852221740814,314.15587341132709,1558.1445571771765,8116.999999999996
479,7380.0647124662282,196.60535237574271,62.562151163509903,2514.6466224493138,1121.8087914028133,500.74849665637998,1497.0752913501033,3045.4885821359062,16318.999999999998
480,21407.535944254534,0,383.49023474246701,4637.203839838673,1494.6190681595058,1396.2921331150039,4849.1046972600916,7321.7540826297345,41490.00000000001
481,10293.133491878503,0,0,2328.6424753430124,1692.1020375555299,1463.717755016914,1834.2087299647897,3965.1955102412539,21577.000000000004
482,2312.2164417102922,0,42.262962247726897,1132.7330053228191,273.1342373836012,55.350605392763903,298.19214837409771,969.11059956869838,5083
483,11000.061236476682,259.94890047988599,310.62731639081198,4291.6979014674725,1869.7225236246049,1791.7148468681673,2446.7258342450068,5821.5014404473604,27791.999999999993
484,-,-,-,-,-,-,-,-,0
485,-,-,-,-,-,-,-,-,0
486,51173.299584882938,8920.3209622107115,0,11086.160932529436,11155.211087331771,10568.451856731586,7817.1324643092448,24725.423112004341,125446
487,34106.746092940164,1557.0971472924439,0,3900.0712270229792,1117.782348048989,2705.722617942577,3529.6480018022457,11354.932564950597,58272
488,-,-,-,-,-,-,-,-,0
489,-,-,-,-,-,-,-,-,0
490,19753.602024857671,4031.7410905473298,0,5476.0152456505703,4415.8668885629304,3583.6527923294871,2071.3558685504363,9443.7660895015815,48776.00000000001
491,32441.952523088468,3828.5237659413942,0,6189.6248006954893,2580.2500032934877,3999.4171261794809,2699.4335579211929,9402.7982228805322,61142.00000000005
492,12552.851786328451,1352.2335591958938,0,2389.4098273075392,1588.9497650572778,2336.983681964738,2146.7806774449764,5628.7907027011061,27995.999999999985
493,2200.9001377798886,35.059936309041198,0,117.481743508763,262.58885138916401,150.24325967216839,97.334131607378097,865.39193973359772,3729.000000000001
494,54405.633191021792,9897.0078470925491,0,15306.772969394431,8689.4420033800161,10844.278367643155,8905.5113706456796,23388.354250822471,131437.0000000001
495,41601.128663548021,5911.6660800323571,237.53146163292499,11265.498664092205,7712.2799363477134,6253.5426328500216,7086.0725578196261,19757.280003677108,99824.99999999999
496,26190.76690796734,6635.1423025727054,0,8368.8874607424896,6720.3636373939635,6821.1030760759286,3996.8158526934903,11564.920762554055,70297.99999999999
497,16622.886209079432,1051.960546242346,0,4112.7754582779562,4520.9518065899374,3023.4543505580327,4167.2453476452793,8247.7262816070215,41747.00000000001
498,21380.591525532367,3845.3643101078696,265.08838039949501,4297.4764364722678,1586.8445682915849,5733.0147977373899,4543.192863713597,9401.4271177454684,51053.00000000005
499,2722.7087302662708,82.980865865851499,58.653817087963901,670.86781201930739,435.18921798639724,313.26852450419682,167.08214848600974,877.24888378400328,5328
500,10506.490159607702,206.59619384476241,0,3026.6960651069794,187.24018758969441,1027.172315097888,885.15977504449381,3703.6453037084784,19543
501,19575.083662986795,576.05106094153405,1487.23228092815,8917.2207058492768,1468.8910112255958,6323.4983275424456,1757.1567009877208,3591.8662495384897,43697
502,32693.628350401941,1732.7643714832861,0,7935.7726773706136,4084.1694704092583,3112.363823343645,2934.0713159347547,8481.2299910564852,60973.999999999985
503,19014.438336369731,2944.8674658297473,0,5731.8716426887277,3564.9164503480715,2753.2203479755949,2902.0493852611512,7783.636371526969,44694.99999999999
504,33419.688969104151,2664.2728429052199,550.09358356567498,9924.723483276277,7068.6770116820344,2488.9185232340201,2669.5703925384882,13160.055193694137,71946
505,63886.492789153766,2633.3230203085532,1378.9754306966329,15944.779176895672,6147.0074302168941,7396.8792422419301,7852.6803269148832,21461.862583571605,126701.99999999994
506,42349.909255500999,1502.672401599559,1251.384244515187,8405.4909180750819,3274.593185739458,4338.6597089549441,5149.1733310610334,15854.116954553712,82125.99999999999
507,7382.4767112478448,50.329132959456302,0,2485.1754714729027,1016.2036579475624,1478.129328071567,1783.41316435762,3250.2725339430572,17446.00000000001
508,8827.5483362494106,240.09059875136137,0,2197.4864969306363,950.92629452751089,807.53763378895997,1173.9247716017114,2126.4858681504147,16324.000000000004
509,49125.892026652764,7861.7174991375068,1370.0764937553961,17528.284384816448,12561.650721787595,8909.7831258779661,9547.5552155603509,18180.040532411978,125085
510,19398.253444511742,1166.8114399278679,444.06254130167002,6726.6637508261829,1194.889622377563,2978.7496130783338,6006.6124884714955,7429.9570995051654,45346.000000000015
511,24564.725730618669,1179.9309529359232,0,7714.7777019710693,5943.8717464361271,832.28046934334395,3587.4970971347161,7485.9163015601616,51309
512,17175.43208374114,522.40985627970997,0,4168.2197463342436,2239.986291010835,2819.3536228314797,3742.0921211599243,5606.506278642657,36273.99999999999
513,4116.1472051320561,437.94002502433636,0,938.90236098126184,634.45688464766602,469.82154389432083,1090.1241942560757,1629.6077860642893,9317.000000000005
514,46906.66911674384,3546.2157370228924,0,8033.7715145575403,2958.5581220138461,7840.0392167787622,11137.259164936324,19440.487127946828,99863.00000000006
515,5901.8415567174288,116.10701892178599,49.245887309860997,992.27014243401459,743.46291797082336,786.97505339515703,930.90087296043339,1876.1965502904923,11396.999999999996
516,18299.567860015464,153.205627222678,315.31244367034998,6134.2273838391829,3074.114352164861,3435.4870891360879,635.4730855064729,6490.6121584449129,38538.000000000015
517,12939.125601801154,592.50545416462535,0,2491.1288494447176,1512.3592273960421,1209.2347360353499,770.77393645241204,6646.8721947056965,26162
518,74112.356094129413,3589.6959980967831,0,14550.30362351389,16081.269094450159,13760.806863153119,8170.3085883050435,29119.259738351553,159383.99999999994
519,2605.5802306362398,611.58048001503062,0,816.74997931162534,1986.5950401578129,588.45873843408003,655.01185947113845,1606.0236719740708,8869.999999999998
520,-,-,-,-,-,-,-,-,0
521,22691.835937932967,2711.5763635224666,0,4303.5749978034464,4651.4457590081101,3252.10943176206,2925.2799128343472,8991.1775971366078,49527.00000000001
522,27876.744768786804,1366.5428301830011,408.98711547165402,6406.5156875058938,1797.678731334126,1197.9476481455849,1757.527396483149,10687.055822089771,51498.999999999985
523,2519.2661096155448,122.97451805090429,69.952203578328394,366.98908455581261,742.26976088867627,363.05193657152398,261.00915960163792,631.48722713756899,5076.999999999997
524,40730.329140899099,5433.151068031817,4391.9739858065013,5079.3838784339832,14091.253934456376,8268.8314777758496,6054.8410940254562,22323.235420570883,106372.99999999996
525,56005.754804575481,1504.858964669404,905.25750065606394,10717.354315668323,15087.622545252902,9218.7246175647724,7263.284215602459,26317.143036010588,127020
526,77418.575148526652,887.18020912613702,1915.3537294780949,13997.054346985398,16248.585343871226,10638.125065290933,3685.8817772912498,34584.244379430296,159375
527,7381.7654471090736,560.87460564388334,85.473458600866493,1883.0694034994353,1286.243823946794,1775.2065944165349,1432.3149567245505,4265.0517100588586,18669.999999999996
