destination_zone,destination_industry_work,commerce_work,services_work,education,shopping,health,leisure,home,job_search,personal_business,meal,total
1,1896.685456606151,7519.226690650677,47829.43540345278,5773.325081696572,3376.003222891942,948.607168775731,1314.482444364084,3777.3606630674017,782.9941750245606,10106.108028183216,7160.701768763216,90484.93010347633
2,671.8047192561035,28575.640362366463,21392.394271294943,1706.121153155632,19745.499144926616,830.7456979777545,732.0687229782488,4384.015057110151,0,2983.3982097301896,2049.5326855898024,83071.2200243859
3,750.1721664609349,587.0191305931228,19642.28317805906,4364.362198544189,2942.804694667874,357.6363395925351,804.4961192445975,15476.668131482047,0,2926.421302831999,1093.2163055682877,48945.07956704466
4,435.29892556910767,3474.7858550855008,20906.837087935102,3122.6200631221413,902.4038125307826,228.68008943830927,4607.681764805438,26733.808160686272,0,1847.26480461578,2305.289273076713,64564.66983686514
5,4089.3904351701826,14967.77218642425,67709.71330287433,3414.169507932464,3032.3356012176414,2251.372882812047,3618.019690478848,12031.30528241322,1358.073213074104,8407.051582693975,4956.944341243743,125836.14802633482
6,30.23989844297947,15210.99109775842,22906.581267762376,1103.9426851647736,2255.4975442562986,2408.2286111623353,953.2158996672508,19140.3971377999,129.89154918835274,2453.3576423432105,1708.326304024587,68300.66963757048
7,3446.5550638773457,11048.336578174214,20211.80691055964,5421.849853592558,3153.3974993185516,0,1992.59441732941,12394.296693735812,936.3336935247727,3050.549040803065,1636.614961218805,63292.33471213418
8,1973.0978799559575,2131.4941273248605,4156.336065120859,7490.31649037781,637.4841416826902,0,743.2889071666361,11147.222871094256,0,438.5858956096917,294.84344466129915,29012.669822994063
9,1899.9528547637535,423.3262836409746,10880.645877880062,8710.21826197007,70.34375576372773,710.6881418353894,489.73271093643774,5721.347590921761,0,1177.5794771433705,0,30083.83495485555
10,741.541747588553,4251.901204308752,5818.298039099793,6717.666306254807,427.14421548090127,96.48026105068016,750.5975152597268,1909.202372635288,0,34.85786423184161,25.83363304210693,20773.523158952456
11,775.4766274369144,2551.4371842985897,213.92869357257933,2279.4886359150582,0,0,0,4854.433779381619,0,44.7069962633259,0,10719.471916868088
12,2226.0366046075997,13273.532976357752,9865.421482734604,3910.348781176815,1644.366718400483,889.2386045742521,49.30449197047496,11403.471111617597,0,1071.3793194589894,1138.08854304064,45471.18863393921
13,108.6584359095122,19983.469158692173,1733.0234163206578,459.62792538683846,6502.783053049236,0,0,802.5733225363404,0,1136.2318422312385,0,30726.367154125994
14,1860.4368998018213,15730.859989040442,6953.756529437525,5690.395356119585,11170.080969748687,225.3188427695958,289.0252288403274,1849.1510138425497,254.37999687701213,1390.5218549270269,361.2855042115016,45775.212185616074
15,1497.406112123264,5197.88293910608,5953.55580534192,916.1579927493765,2674.9332897651307,541.2077766988898,203.41715082011737,6788.287837399104,0,1838.7107213143731,0,25611.559625318256
16,6680.616318485436,4078.0649192707792,8996.580635509903,4457.085454279581,1832.288560497736,224.0797609142598,904.9932581431258,22004.757107739904,376.0698994220023,1182.015025388812,0,50736.55093965154
17,145.4415990336179,6316.961405283237,5218.548267645278,698.4953809322541,1927.692601948056,0,860.1355735460752,8390.645058122176,0,1057.8909539000397,0,24615.810840410733
18,7499.199295452947,2746.4022054295756,14786.287783502425,8964.326196671756,1338.4525823705496,3724.2196501725466,798.1751226640134,24193.725329763532,20.531337322531694,2686.88587218232,372.1174211100758,67130.32279664226
19,1469.2252110127813,1862.5491429368728,8226.487639501238,6853.180828335993,817.143961461488,4396.305936491068,664.391821756534,15825.941028183335,494.66204658289024,772.1322384866036,290.6211959849451,41672.64105073375
20,1212.5176019660655,697.226523790763,8103.519019055216,3322.6449145341417,0,49.25551353388317,0,27720.38205070912,0,0,0,41105.54562358919
21,115.8175816252253,1733.716698156878,4426.345509979736,4683.9549008972,308.07500530424784,631.5479366533294,771.2329020898959,13375.481494906664,0,59.09814694515203,0,26105.27017655833
22,0,549.6119781340775,5800.381657703965,4319.073577980781,0,827.4451411115949,221.92310060184175,9934.127211943976,0,88.17919782071544,137.23256871641408,21877.97443401337
23,0,980.8491478156956,13099.377706541169,15008.039707468177,0,8334.985451887887,1359.3533832061512,1873.0078848353696,0,1221.525985591892,522.0548470616535,42399.19411440799
24,1510.6308948147655,4045.2100485909664,16664.986459133455,19777.74880986842,1193.1840405441155,2607.6320085428006,377.9259663843808,8557.068807401141,186.19340531519708,975.4242575377112,1555.607105388718,57451.611803521686
25,883.4414908660104,1340.6089525864008,6140.435458892405,2230.6112995502453,377.92500006897774,660.7327892032247,597.3884893005558,16053.270822903532,0,704.0341659080925,13.552193905122932,29002.00066318456
26,418.06968929537953,656.5983335919542,9676.25105035286,6645.679015551116,454.47003384985425,3105.6830216365847,971.8969121231307,9303.106532369253,0,548.4913239621086,0,31780.245912732244
27,1383.305108366534,5131.877598361691,39211.69813272132,7875.612280343065,7019.4008232136985,10448.347750460349,2767.2489046605033,13962.352211067742,0,995.8086821377356,1695.4314667873646,90491.08295812002
28,1108.469149391869,2105.196835589891,17080.945283241614,8425.104911055974,618.5004853124689,2819.5884876096757,1661.7951346097248,7752.333666521413,584.4685004562093,857.7826458441424,2568.6922178050377,45582.877317438026
29,2631.785874299622,3783.8733888016577,53634.090008953426,4523.176548894565,1855.151875141864,9935.125424652662,6602.205986590898,10041.963131010143,0,3117.6040826098288,2821.833712416983,98946.81003337164
30,639.6285939072181,1273.277139261019,9376.298857220812,4177.166287253949,1280.0654899033898,2437.6575309802556,918.0898701912612,15245.271438314598,40.25802226009714,1223.0800062677718,932.4963822830086,37543.289617843395
31,190.1324834529703,755.9121131910385,26467.848286978453,29618.5247534054,328.11969570277296,11819.609906029811,3880.413367954512,22671.873243655376,0,1672.73397763452,1579.702281456138,98984.87010946097
32,2122.9573205778015,6119.836301760945,42260.12260517047,7941.883368491931,1004.9468531080406,5715.42368620498,1862.7388023022984,7213.252389705783,162.88655418847208,1820.6852582663823,4252.0960461061895,80476.82918588331
33,397.8778334788946,30.71234786539504,493.1047199716722,2227.8369699760283,394.27827972517866,489.0685902172163,0,1612.190056729087,0,309.09100133275297,174.2046063780641,6128.36440567429
34,0,25.89926147669857,7560.431822091331,7237.530541821072,96.75583139590326,326.4067166734658,801.0936521691899,5946.909365763022,0,149.36773593570726,115.98033955208744,22260.375266878476
35,600.2607099250415,4913.33438870965,34023.25706431873,10097.399853598878,1195.0551868908722,4704.979259104778,2376.15410104837,33684.96285444372,0,3581.900544456566,1738.1019029376562,96915.4058654343
36,5409.000060262747,6181.787788410479,24541.116661460816,9222.759385032705,1436.5317565215264,1958.6729048657412,2538.2234128886444,34891.71454475314,0,1527.1683955906344,940.0384913782805,88647.01340116472
37,1263.1959534923403,568.7290970866007,8449.609841881307,1003.230388301885,335.70377675047655,0,0,8174.59169198994,0,1380.5414707608702,484.87364988230775,21660.47587014573
38,56.796278976913825,715.9663934655894,2741.8901306606685,2124.1861390397576,0,0,0,6011.648187487345,0,0,0,11650.487129630274
39,1289.2294414149922,382.0420893845312,6972.918701961333,3112.5238868986576,210.09740268306467,4929.8994578734455,417.0804786295232,12339.409860851856,0,537.9996633893511,0,30191.200983086757
40,1714.9294032173004,1878.1831398056424,8089.754914341037,8550.081305384832,473.31360251408773,1215.6187455681409,821.9201701239101,7866.135293130256,0,1070.828039271101,768.4610131980244,32449.225626554333
41,3415.515910490751,4776.718291164754,9070.959476642474,11051.176877150709,1606.519586470165,3638.208131326632,1630.1513602153143,18757.581461225072,0,1081.0277335619332,0,55027.8588282478
42,1821.980823001389,2165.7502149351803,2162.3785307731623,388.378397422617,1317.911381798811,0,2290.8798890314733,6125.753350577235,0,1071.1899596960548,60.709166067259815,17404.931713303184
43,1875.996830166353,5039.474859261355,19916.873284889123,15506.434623745829,1546.1235014993222,3415.3365280623466,795.9942925595833,25647.868663880567,0,2768.5316833536126,803.7122843038769,77316.34655172197
44,1725.6333464362394,3105.325464822704,16248.599364586877,4325.021580859064,493.58218569753893,13353.54891703924,2025.193253415676,11180.039099831596,0,390.7006065156145,1147.9838567841402,53995.62767598869
45,6041.787056216018,4224.687897912279,19626.88263092134,16079.132869178587,2634.436782323955,1912.0480249664015,2797.7173209443617,30296.009343428217,0,3446.9800365175615,406.65100760485495,87466.33297001358
46,1831.4902917548804,5608.870249425224,6527.490101233353,11609.074156599268,889.4470829172072,514.5612075484397,1081.4712277315623,28951.60186517638,0,1400.5939056548384,25.169631932599756,58439.76971997375
47,1402.3341080633256,1964.9521064509768,5079.283619643436,4549.543664568083,149.39513326147983,612.895477702851,0,17486.6665130616,0,542.7336422623366,633.8742360873216,32421.67850110141
48,1004.3041812649044,3470.648219400754,6407.4893320534175,3652.447697867196,799.7496921539248,349.998832119115,3449.905342165106,17980.36165398194,0,1979.275970406135,0,39094.18092141249
49,1733.4810880742805,464.8414337845656,13951.548948921294,5025.491002865458,177.78186528764513,2752.1761904913637,261.73418912503524,12404.55179987892,64.20939867563058,591.0818302635757,41.60403500878822,37468.50178237655
50,205.6040309851886,1334.2568921281593,1491.4991213082578,2578.660672824036,1622.5584346263438,1058.4045208494863,285.8422250468942,8787.232996519,0,117.9961589583842,0,17482.05505324575
51,0,824.8185003135793,5183.0608059576525,5137.159321224988,942.421521528642,865.1077098474268,75.88195863396543,14358.00282960656,0,972.3229305601593,0,28358.775577672975
52,1568.0977099225247,362.92515190399206,8451.771885667324,1392.2587788317264,335.17959730289215,365.93040467685046,598.2467796071719,8491.617600663396,0,2354.8525524247852,182.48652402580095,24103.366985026467
53,576.0480758757458,2564.768241659041,22453.472095302965,9857.362998807248,68.84882141118712,4002.414882430855,2842.6064544159253,9705.096038413178,0,2256.8576997209107,1588.401603465716,55915.87691150277
54,1135.3490690770277,3103.7041459091265,24315.273105802466,4253.153859216397,2130.8559981178937,10682.975771784317,366.08236947127693,7797.989452689763,0,1743.9068573226093,3648.0598116652936,59177.350441056165
55,953.1342945351657,1403.9874229656846,12647.101499075734,16746.371709927564,1017.4055484462236,2174.903996785472,1370.0310611701054,14006.479808085049,0,822.8905861042541,119.17516862387242,51261.481095719115
56,581.4621273400805,3947.621703399645,11707.666374758255,13832.661383858796,1723.668584086,1852.0542374215916,1230.4131795769067,16472.456779613403,216.27747162610416,1593.9335089359977,615.3903539465653,53773.60570456335
57,1002.2510495846714,2106.01964346901,32415.830007685898,4808.346731571101,1489.3957005337948,3656.7070673115536,3481.1889221181927,16290.7472642878,218.92609761576733,918.1907298591561,641.8470535161434,67029.4502675531
58,661.6287790438511,1161.406658398121,15560.697252747212,6524.565334539806,2639.4686434130695,885.6852800671269,1251.6965622449598,29930.35730442776,0,2996.9818448166843,1350.734998505999,62963.22265820459
59,981.2205730452895,4502.726760552205,18335.720306018644,9051.804170603958,4764.521863264395,776.7140979780779,3098.503739878801,38673.83427108878,0,4240.954653324415,1215.898220180802,85641.89865593537
60,445.50503207578254,3153.7365544017357,13222.588999791642,3714.0450309306498,1981.4843498235336,1641.8617215132265,240.44037016705695,16246.611991698825,0,1164.8271964127682,32.80702977552914,41843.90827659075
61,1478.2268618720111,3774.714265569095,10838.767857338347,7360.200048911512,575.5415525958643,1430.1510675158174,1952.043573317367,22270.662940455648,0,2879.003068182664,357.9035222808085,52917.21475803914
62,864.4225032492351,822.3511484463124,17226.32390954424,6026.7526665127825,176.15711713159976,5403.948646590185,4216.38173650046,4064.770266513456,0,442.44942190046305,0,39243.55741638873
63,1275.8045122585215,327.9807596834906,11484.9034914289,703.3672843726362,0,13081.631071036909,418.9104049275658,1859.5216557859185,0,152.1934395481624,0,29304.312619042103
64,3049.7415288652373,4946.938412495039,33097.83589840154,8435.313488261469,2427.7626716174495,3987.833685128799,1980.634987151448,28210.126774151773,0,1904.209528218445,2348.181993721862,90388.57896801307
65,846.8188189673544,1978.7303290406337,12605.997592091231,14942.561862649942,805.8179889436742,63.02019321264649,503.33868242704955,20539.59107970413,0,730.8669701105237,439.66187247483447,53456.40538962202
66,2978.4324775260375,5425.9573811239425,18304.56469928774,12752.062741427108,1762.7829376747975,812.2564631080934,4500.01728941487,10578.958049838466,0,3244.0738879195665,795.8300821554706,61154.9360094761
67,3317.1027985831533,1085.5320410293202,7309.881721814563,1113.385567550553,239.8492844529009,1964.5109628921016,520.6976904737948,8243.173347735063,0,584.3040074690385,488.1423179424572,24866.579739942947
68,3478.1587652946914,2657.393307408869,63754.07604409167,4181.549121109462,526.2388538416546,1369.1238820414303,2235.9545461622456,18121.80959245848,0,2360.8965979016234,5123.103144699075,103808.3038550092
69,6389.614442097649,6324.078054354128,27353.052713209472,4464.420446838453,1272.8565089108836,938.5001285086695,1331.2486869770078,11611.951726703915,294.32605694262276,888.6212314838652,2324.429668356629,63193.09966438329
70,578.727347727462,4242.043227930552,19933.432401132843,12802.185138285631,106.42503413171264,3098.9982908696747,2112.9251880605643,9873.17888424749,0,930.2278056122829,633.1804210060335,54311.323739004256
71,1946.132396992919,3316.5927877455156,28048.794052947993,5068.84152568049,2051.446706090159,153.72824937315363,1052.620343997497,33417.07288876851,0,4110.112187138284,1324.2247097888182,80489.56584852334
72,1171.5551588850085,2449.300644999879,17090.26918309695,4556.469645309592,225.0439681486594,99.73648920195967,1101.2802555393473,10955.949455948592,116.293575850436,1077.3846419488946,658.6506101984712,39501.93362912779
73,11324.570143235753,9912.526181075633,102961.45467584809,520.6031467072785,731.0775428729221,1039.9610467254809,4957.761868035478,10064.679039625486,0,2056.635241789212,9730.156997078291,153299.42588299362
74,6005.573541534524,9362.95862916636,38372.18704396118,3394.5774661750975,277.84994277157284,1956.7175039355393,1210.205403353703,9170.109733244757,0,1391.304360115431,1658.098944480626,72799.58256873881
75,336.59973462650834,2239.3141663249653,9496.312361574233,1446.912320228874,908.9054974365134,247.1560354053395,593.8242340051597,11060.168547464596,0,665.4741954620785,300.1477627035481,27294.814855231816
76,1239.633517813964,1139.035125676122,14210.537037292266,1108.476122526297,51.3692479858836,1623.677983696296,2287.739351601881,8205.295224307602,0,509.6389982040211,395.10342049229337,30770.50602959663
77,644.5020299607926,3119.725193955405,35638.74820242426,5761.520455997939,631.3480752278397,16773.423538642088,2494.6361094652743,18230.96273369102,0,1427.1104427882328,1106.9050246445122,85828.88180679736
78,732.5737099220956,3163.5829788008614,19627.12176422237,1278.3313424149849,1675.1040837972794,254.46408149751505,1137.8361808892569,15154.812458541415,0,987.8639490275528,952.548368797629,44964.23891791097
79,3932.4068193764974,3873.487695011961,36037.72464931235,8127.104637653672,530.3907569712026,9434.552890749039,2687.8720287933406,9392.57640065482,157.69444347390552,3722.1030441594826,2612.285265514135,80508.19863167041
80,49.914944638165245,6694.461439736804,20876.240205557777,5084.48136792439,1156.4690912465346,2182.000523172685,3444.2064950586223,16448.291378003698,39.87578437922603,1203.551885081711,1737.973788311825,58917.46690311143
81,1883.2246121445496,6826.4846686853225,27864.215819145866,2873.489219624795,1001.8369433779588,641.042741683084,4704.374044718513,9672.34475995117,0,1114.398726291798,779.4721068074493,57360.88364243051
82,5439.711185175303,9890.197203934178,57872.03662037704,5622.514721763885,1650.8489350817008,3816.6557420146783,6171.781454167964,12202.892040033375,0,5238.088462514741,4756.239689608661,112660.96605467152
83,3733.106541561131,4475.831545047583,21408.64576563433,11652.34305920167,301.73948692885966,189.4537026222984,2408.0384074776,20667.06270232464,35.79169770467191,1292.5671412326242,2391.9580711744193,68556.53812090983
84,417.55608879166937,3351.144072787928,13913.405841527472,15796.58342271457,939.7944267378342,140.12862370727314,156.7672703136487,11043.311058550256,0,813.2585752549213,1723.5622542600315,48295.511634645605
85,333.6703939957287,36.22482055918394,2595.6172250533123,4403.367444054373,42.524789352085435,879.4742739783237,213.64539895620905,4025.534664313957,0,145.4842242155523,340.3272317838317,13015.870466262557
86,307.8280346627058,1012.8785768487847,2271.037001654865,1589.1546573159103,15.35617393269752,0,15.092600704313544,1895.6638536703113,0,301.9314556834969,0,7408.942354473084
87,48.21707853144701,1453.132490333014,10119.911184231503,4106.2655727056435,499.65420350533134,1903.1341067729024,1228.2737674239586,15350.739698357902,0,1794.8363265132994,135.98374723075457,36640.148175605755
88,1180.7461478744403,5923.715077265614,19105.481001738783,8470.92353430999,1577.9834813990778,2974.6094808361536,2071.1321803848405,40611.91980876636,0,1905.120172344532,806.7342726507517,84628.36515757053
89,859.5622467621929,0,1238.2248716558545,996.9505780488636,0,346.8906874221844,71.16375844110219,10585.414822156165,0,313.6427932735839,0,14411.849757759945
90,1335.7863251956187,1472.0391409800322,5081.450839437829,3957.627103702795,275.22826049140633,695.1206555037901,1721.3455558963524,11285.146195665371,0,1032.7042460495788,149.02593102868315,27005.47425395146
91,4551.127168585566,4486.844986819047,15897.892836751873,12500.248261474288,919.3616841343755,0,784.5066551363815,9208.5770066101,600.4209116848211,2432.0241892492068,1311.157493390254,52692.161193835906
92,1904.7137715097256,2812.0948735908232,21981.83950410833,2656.0142784307172,84.64356809845022,58.05407096299062,501.78156988250663,2888.031207579521,317.2668564282581,5683.271019797825,572.4560588863659,39460.16677927551
93,838.4868808398459,4105.388498907314,25237.66767504355,16108.547943582533,835.1614690112582,6898.247110148021,1989.6176046847363,10060.418300129077,0,5866.106138359075,1255.9846670237573,73195.62628772917
94,2106.0058172606805,6162.301424896931,13804.150059068745,1610.324880730878,876.2446036732825,1425.745993582896,3959.265281831221,6241.464931591765,325.8817706546314,485.560067140375,2889.6330322816766,39886.577862713086
95,421.911238037186,173.48986160881498,8558.897234129674,3541.4747141688927,275.0930465704648,0,1237.6327618293972,14892.63700702508,0,1111.5417595220424,220.1539155176,30432.831538409147
96,162.10600956258745,542.6773288759424,12317.928549491462,6439.812869131261,467.0896946092451,1195.945689339114,1663.0069733222,5942.877193601039,0,301.2932766719483,0,29032.7375846048
97,246.87553899110776,1813.0014416299396,4435.635246935339,1525.6655183958776,726.1620588471494,1822.439145065391,1201.1096374661397,13347.25724727263,0,109.81812082198525,489.097606855509,25717.06156228107
98,237.38709053462213,346.04618903101596,6254.851723289286,2318.7349044463554,0,278.4785826136034,286.01287274881116,9314.172715252978,374.7931399152384,960.1713929602281,37.316104143078235,20407.964714935217
99,5896.250222885304,1494.050227012217,8809.234053704842,991.4292271511132,509.3170399183756,201.7652790939948,203.4467885715437,8046.387806567499,371.166875946582,3025.4282772866354,616.602427440888,30165.078225578993
100,4662.73879468172,18130.878608635325,35428.83309526729,18445.210509480243,7515.30916138984,11595.135547388218,3279.168419525713,22196.74531020746,105.82754668932758,6124.748404335157,2621.8460505167623,130106.44144811704
101,418.6194193152893,867.1280248868482,6494.097387573114,2757.714788923479,284.91681911046635,294.69444203967396,632.8325579934642,14167.226407116035,0,475.3393967148257,0,26392.5692436732
102,529.0176389979808,1387.1253642185989,6544.309360453437,4933.752544608583,212.0703624886681,1572.084540556231,186.4669968640825,9255.756814289774,0,2705.557795651947,60.664199509151096,27386.805617638456
103,300.3351411665434,565.6465732770943,4763.341138902241,120.36317308858489,123.17913162843372,647.5823746995051,388.357594926267,1919.225392611632,0,389.466921900688,0,9217.49744220099
104,84.46517837488943,191.804214384523,1626.5129305243013,2472.617123846261,67.59039805305581,0,229.55544147483715,5649.74015921412,0,63.24130255621891,0,10385.526748428205
105,646.4191800740663,1068.4610899396723,9448.19930162239,3261.7599957034254,956.9221464126139,458.5184155547849,105.14788496241948,12705.565374239304,0,143.4030947396886,260.174538756625,29054.57102200499
106,1906.58216536773,7345.121124607613,11983.043655557443,423.26254295440737,2539.025006721563,0,0,5600.533735336742,0,593.9766983544453,50.745300906639734,30442.29022980659
107,487.73801695080607,1334.57211597002,11238.419120192291,11672.355304245188,323.8379779953194,300.8364965185382,931.6667364517805,14810.55022956297,0,0,1186.90698254804,42286.88298043496
108,341.71975479089286,8201.503468181982,7730.665025478929,1139.908050897483,1685.0231773639916,0,305.4576560594943,4694.542261891608,0,189.8979411857443,8.56402007785054,24297.281355927975
109,3842.6368036547306,5010.012266626312,16812.144881367538,23078.82551842681,3442.582586752624,5075.668971385566,2849.116837698649,100020.1971219417,0,1401.1431187062146,0,161532.32810656013
110,3575.7149752055634,2671.227089845979,15133.844878368303,13754.186505690725,2036.4563082467243,272.8938712854242,1929.454337643299,54051.23441888449,0,3397.7297457130935,581.9072228230694,97404.64935370666
111,1315.522867824393,2106.7421070190726,8383.71294092778,11769.736505584004,396.65482363872354,0,781.342898383142,46675.05959967673,0,897.613293276114,0,72326.38503632996
112,3266.7591710447414,1452.7465575451877,12083.686589548728,8618.349502174824,1285.9275833095087,1389.5952701670758,568.3695447440493,27809.14710763373,0,0,0,56474.58132616784
113,4386.770561838104,5291.776776845751,13090.445948121836,11480.723934135944,1313.0722189535463,0,54.74177144393872,22044.35240569782,0,609.9614195116718,165.97614251404312,58437.82117906266
114,0,0,0,0,0,0,0,0,0,0,0,0
115,2643.7227311014944,3458.9045180477174,7115.840108664248,15600.102741657633,1346.915932306837,1644.7442595600212,934.441417768973,46193.922174909705,0,1042.794636029465,0,79981.3885200461
116,2118.9814281861236,4561.508916190056,16719.716836894804,63796.15772457537,6127.868143453073,1007.5270951718873,861.0750780860972,144265.81721898817,0,748.1656592708404,0,240206.8181008164
117,1823.4177193734351,1684.6638792676968,9282.438622862432,13747.55698287361,1345.5720389774556,2647.9205461042966,2959.89342809081,49441.64541510896,0,2267.251589884415,0,85200.36022254311
118,987.6424892235798,685.5029707646498,2397.230194025191,4066.8207295332472,96.19749470643048,87.03582854391338,109.0238273339546,12706.826927316535,0,750.8334457519808,15.703639519772931,21902.817546719256
119,1826.8901106505089,3408.6434916763396,11217.883109783485,34619.716817629575,1777.8938036265265,159.5294865518484,1033.6098650338656,67043.79115738065,0,459.74846060652413,0,121547.70630293932
120,0,0,0,0,0,0,0,0,0,0,0,0
121,2274.2368688016177,1717.9888874248477,2472.628205351679,29376.849654537615,0,0,0,68631.31503953873,0,0,0,104473.01865565448
122,0,1728.4928868276745,860.2037837234515,14475.786807814286,0,0,0,39742.98995968426,0,445.1958163452762,0,57252.66925439494
123,0,1852.8237787056137,1453.8493776533585,11962.21215241456,458.87138385415193,283.3554731677901,3659.5258608123377,53219.6430567743,0,882.9509851076357,0,73773.23206848974
124,959.7596017968974,2179.458731007888,3446.1472211762325,31528.91378540662,1332.3246737880313,1278.2783592256296,630.7625537785323,46151.551660779885,0,1029.0407131283396,0,88536.23730008808
125,1582.9158995220157,375.934933233989,8172.59442208363,17535.42332073077,227.46673373587385,229.87872260554977,2177.588751385827,44278.15025583305,0,537.2908027145525,0,75117.24384184525
126,526.292622337316,4051.907627138528,9610.195827625363,13273.215385894877,746.3043702819896,1049.5266451322243,850.0593968328689,29306.05992918794,0,715.5909414205339,0,60129.15274585163
127,2657.1221629404895,4504.130174244775,14693.626904161603,32852.72733089391,1689.552442759612,1163.1883918364388,1457.128097171215,50249.71703268603,0,2225.636585760219,122.87062755338762,111615.6997500077
128,1745.2524401752084,3453.2727063539587,5528.9802979891165,1894.737165475634,103.27603099524543,5304.630575237544,138.38156214938712,2081.7249774243955,0,3364.4222315563934,108.32576258574912,23723.003749942633
129,1845.9105784683395,3060.7571520744937,13517.206761204892,2355.591344744719,1699.659788641498,5673.222437309337,1062.3037778686928,2983.009383643721,427.33367708584774,3721.9398259117256,239.5900791051733,36586.52480605844
130,33.31644483244396,154.29976677046005,3709.771902282088,1157.49425530147,0,0,13.555835448267567,5721.658325422548,0,2061.86244186935,108.57176607402768,12960.530738000656
131,2585.7188341559313,576.9850242789161,5365.721406027883,1978.5911044869597,423.78879827274653,391.09350642626407,1948.7604376053591,1240.212093785869,0,3179.842089385352,0,17690.71329442528
132,677.4379109098187,461.4043902272568,4835.701828983568,720.772389089578,0,1290.1082955995485,1277.183870320736,0,530.8437089260109,526.4291308394476,1003.263369692066,11323.144894588027
133,366.70612416504184,4255.653014501928,14465.476967460732,17967.561802755543,966.2765163822245,4803.892610863076,1832.6205453909913,28545.654861778723,0,900.1955301644203,615.3519468206057,74719.38992028328
134,873.3740310120124,2031.858538813624,14301.313837849604,13328.710318270996,828.1562724637154,2472.6066699688927,0,29297.199259203662,0,992.1105143758663,322.40772137771916,64447.737163336096
135,487.33843552355745,1857.716790179376,12336.180948083544,13735.12672650857,433.051551216014,4065.249660029327,2184.518319861596,33905.15127389036,0,944.1481363784761,85.74029456416616,70034.22213623498
136,6524.069672638306,1971.1629161556675,13394.092051342865,9231.761711188365,2626.211423490825,566.26225232722,1071.37609540086,30895.488587280815,56.3114049841942,1889.7649761609173,1131.075523478396,69357.57661444845
137,548.3259426244745,1870.436819646833,10742.637040960151,13533.903899751049,686.101854660562,1419.826646421697,15.567557047487297,39377.39837383595,0,1350.955051846598,853.0088965273419,70398.16208332215
138,4532.198968427576,4274.2257466123865,7077.817901586294,4432.348845596752,2627.545903877292,0,228.19612540278288,10758.167889855273,0,297.4824132179941,0,34227.98379457635
139,1156.890641918194,1096.30907080074,4320.538213126114,10132.718734218375,470.77824883207154,2527.0142017844573,2092.211847878176,28910.069479413905,0,25.052156603847347,0,50731.58259457588
140,683.9833698560029,1923.6503266992609,6485.935454136522,9841.336293002054,1493.493430558626,1104.1919668085395,1104.8352679333384,33728.94152946504,0,1394.7534687114544,0,57761.12110717083
141,2958.197614928276,7246.58516053125,26254.48671834893,21716.139615021595,961.2424148417741,5129.575197830837,1207.7346905184684,82675.75550214658,0,4843.73142721839,0,152993.4483413861
142,3411.6103207059264,2072.740912342289,6214.583590429905,5902.605815232136,1420.871654902412,834.7243354715239,197.4068856946208,50631.267459609706,0,74.37725214654239,0,70760.18822653506
143,0,0,0,0,0,0,0,0,0,0,0,0
144,792.3773189210976,7934.424634806918,17729.034637452954,29893.724035789055,11582.666487179857,3488.880909967999,3582.841806305321,97851.93713581024,0,4059.8748705439966,655.3172397682313,177571.07907654566
145,0,318.73845839333353,1076.7982576460963,5045.909987100674,0,0,702.5094312474173,6089.53390119417,0,47.098905687746786,75.52824072368065,13356.117181993117
146,0,0,0,0,0,0,0,0,0,0,0,0
147,2578.016200464823,2066.0431126622716,5220.442897657878,5828.967199882944,209.5261261654045,245.1729554537106,316.86452313967675,28489.614637489944,0,268.2186063492583,0,45222.86625926591
148,745.596260584174,582.5193490586827,6412.700851116392,4951.023312320553,88.50833015621895,1974.9968967418984,0,19758.978695727357,0,2058.5116072773412,0,36572.83530298262
149,0,0,0,0,0,0,280.00685782011203,0,0,0,0,280.00685782011203
150,2184.7227407080604,615.869130694764,4943.806473268196,9008.062720914835,113.91201411977548,864.3074459757303,1833.039163371942,40233.86535080521,0,34.25323218771739,615.869130694764,60447.70740274099
151,2469.0292049902146,1673.7179154603753,16644.313350078108,6695.805557571295,1037.779490087829,0,4076.337593803451,65936.13752335984,0,673.7359903928451,169.3054314936473,99376.1620572376
152,840.4025687157252,4563.284475125193,5215.741940662791,7810.681044330613,3075.886648790937,1044.1741317091885,2066.4274563363047,33497.31864218446,604.3614673976674,2109.2048147169644,0,60827.48318996984
153,811.9580521247082,629.829612525612,5274.844610349616,2602.250608897224,1711.4447779947532,891.3863274591665,1486.7495708297056,16840.509264892306,0,217.23170213137976,0,30466.20452720447
154,1385.775287989281,3452.2935338631587,19710.421573308216,27055.607827046017,2342.96568344405,920.9068170182272,4289.32360023008,35622.709109655974,0,5902.82035100845,689.9011772663623,101372.72496082982
155,945.1451853675466,0,4201.695185949638,3830.279428104541,0,0,0,26280.02633651987,0,0,583.6082067673788,35840.75434270898
156,2258.5442971604575,4788.702222853609,6361.625976811369,21053.517987099203,5070.257174132889,406.5565963001874,976.4122962424337,45009.05198400068,0,1436.913655120844,294.8888984020915,87656.47108812377
157,1044.74359984687,0,512.5379069625801,4774.989783000965,208.91313258788853,0,234.92815502309944,13971.96745873564,0,149.47242996249116,0,20897.552466119538
158,96.67537315689457,2709.9272281149306,5414.786888450925,12880.572270210234,435.38286603699976,105.94125690422972,472.9992245452114,35260.66046132537,0,590.3858251478936,21.11807025653272,57988.44946414923
159,3322.4702192067953,3576.9427912389283,13838.09059195613,16796.83323280858,1254.6374499163535,908.305632048877,1054.513618920299,58959.61530066842,0,2345.956912580862,0,102057.36574934523
160,1212.2241094047272,1675.909933961882,11736.948211856145,9236.493905829811,501.2564982195462,1476.025738615945,363.5217514665736,40876.09902500253,0,340.63026737248214,0,67419.10944172964
161,6147.880682239918,6570.735553455334,20226.116378320785,7238.93294641882,1006.6188922477972,4880.204181906587,444.9371946654538,43332.57439517294,8.045072700364575,1564.0035134847833,60.07470241802539,91480.12351303082
162,4245.591260131599,6290.453980651713,11907.188523429631,8536.721276718526,851.1820165539572,0,604.3417706425894,11379.334086108294,224.03492100267525,233.5996329200976,0,44272.44746815909
163,2367.9300791387323,4895.687036088813,12578.23130637155,13655.231355890612,2403.2062820569254,3082.1965386796173,1284.5023372535975,34759.16026582774,0,1198.1151335028867,630.8199261398712,76855.08026095033
164,4113.465175655671,2181.664825667076,8308.138772955379,1001.4269486593626,400.16519696000074,1202.066979707542,104.95926610140368,3986.0106961421375,0,0,215.96957239959804,21513.867434248168
165,1685.795722137324,3748.625104240509,5167.650401036016,3358.032163065642,1627.4277393527093,91.9413390430816,2016.700717452894,2620.715180317669,0,0,0,20316.88836664585
166,1763.482009552294,6700.389664254059,30023.047130181505,17164.76725017411,2822.0757555834566,8336.190691382548,5667.153049740222,31336.893167573548,0,1626.5459669799568,1988.1881943333656,107428.73287975509
167,3714.751790544025,11759.826820331224,33884.144816961234,10512.645787086389,6086.553202562837,11007.319223678263,2978.5364033092706,13744.513412800765,0,7280.645166518779,1850.858228403678,102819.79485219649
168,791.0026845240318,9614.754317356224,17052.407240938133,7678.320254149794,4214.742601424902,1309.7201665410366,2448.1833666579696,24207.424333876657,0,5330.319307523703,422.2700642421262,73069.14433723458
169,927.9019922460648,4253.258463163373,18307.809241245945,39085.53677014418,1249.9874400148678,2037.3577681806591,4901.819313249524,28048.744182394392,0,2671.2143167368663,324.89038547785424,101808.51987285372
170,1401.7912209820809,14472.274080117037,19884.609877164483,20999.222251364572,3296.6259996514373,8160.19205565625,8220.01656278006,34620.5983926155,728.1423714349581,2281.7737893711055,1089.8342113312908,115155.08081246876
171,2761.3069568172596,2107.8054850180633,7993.721402638303,13847.739863095856,328.53778252373,1683.9013811922005,1593.118171872227,35646.86693175317,0,1327.196363206192,469.47503478368617,67759.66937290068
172,0,3418.6651308798837,1801.618404562658,14273.30369949942,802.4512051432406,364.9428253033674,682.6897405637185,20456.775366622653,0,1841.3615861598932,0,43641.80795873483
173,1436.0320944866262,2460.6921237716256,4436.765650687309,4700.67864632412,309.3561786422148,0,0,14708.534002791785,0,745.921246267881,200.0155478908436,28997.9954908624
174,0,560.4924836483041,2824.7570660227066,11658.064692936006,1098.8475475056066,0,0,37003.876212272946,0,1214.6830406386766,0,54360.72104302425
175,0,99.48640701100611,2851.333574106208,2660.2322310881973,225.52932256069872,586.1980810796917,107.1490104617596,17056.55571675173,90.95918685155952,165.62204403532573,174.87435195294722,24017.939925899125
176,1011.113823281582,2862.2099150403624,5187.510024943586,13769.73410470379,1340.125734533362,252.3354280483629,1353.8929989612543,25416.683727697804,0,844.8948265520283,0,52038.500583762136
177,0,1193.7990623159872,684.5955946967571,1341.0375891166132,0,520.4983155248112,1373.0631895246613,13878.616442668592,0,0,0,18991.610193847424
178,582.8161031692614,0,176.51182084224405,7994.537401394035,0,0,0,0,0,0,0,8753.86532540554
179,0,0,0,0,0,0,0,0,0,0,0,0
180,4356.034390410895,2171.8860157928093,4544.327527188595,19577.266234147017,2150.5339209494996,1798.9033681794858,561.8439467199745,64584.03185108441,0,850.2799126302522,455.6163285090044,101050.72349561194
181,1275.3124557882245,4551.365388780152,7841.755677527254,15282.412739025413,1529.943494311117,2257.427901408777,1263.7849112557865,36004.4714551252,0,1273.112013438506,0,71279.58603666043
182,1568.6497909553862,3789.353482396242,3966.0991923861334,13871.573712212885,661.9313647653013,811.8283434743944,382.1790609951195,44392.58003036428,0,1421.84194875097,611.6561511164423,71477.69307741716
183,0,417.08754596847626,5838.649920562124,7213.119255325526,0,1000.5240455074012,648.5588945431302,41920.289668453486,0,0,0,57038.22933036015
184,185.63991191285655,1865.5867109227372,2525.410559194751,4436.021950823513,0,0,25.00167934301748,20692.631060795517,0,0,0,29730.29187299239
185,267.8780043440117,2146.6017889813784,1564.8313560817244,14357.027836606492,926.9946202065627,77.27492819114971,0,22794.993656704475,0,154.99095174637586,0,42290.59314286217
186,0,82.72568621374616,2061.275013649426,2477.2655054130687,436.9349860369467,122.7311994086493,651.2402249791957,9662.821574500853,0,1323.207793951752,0,16818.20198415364
187,0,568.0306875391528,4581.097986027008,16906.716484745903,888.8856526999773,352.94818725516046,33.26031348466167,51982.69122763912,0,0,0,75313.63053939099
188,258.3074934327875,586.625843206331,6705.9791856293405,31852.765779008376,1021.9072819593428,1254.8043352837649,355.32169364568847,30580.918505232865,0,790.866685257284,97.0764063896909,73504.57320904547
189,1686.3165734772897,1370.6580404816068,8182.062501853661,15638.16752861125,364.35861400733813,1794.4509390507512,3845.115143580559,41545.99618565587,0,205.58534475246103,469.23316091297295,75101.94403238376
190,1795.308121361712,4833.053510397935,14008.392938974435,7025.538757414399,1271.9805719474907,4139.557409565023,3321.7192992476953,26270.01828061085,0,2454.49591531069,246.37105993709025,65366.435864767314
191,418.0881594025501,3380.789809702139,11971.08518531358,7964.718852522373,269.64645568402716,0,5293.794380185813,0,791.2436168914696,4918.33629823187,0,35007.70275793382
192,133.42895135139364,1496.6424168778249,5783.332143588903,8099.529210066242,585.3677635027502,153.19174355074455,537.1777616262516,31058.57734114192,0,1985.457458040148,943.952136325809,50776.65692607198
193,596.0426938259825,113.02700127835492,3337.4508110590245,1550.4973284706875,2005.5214820978715,220.99589128351403,500.01260394272896,15552.12432914238,0,592.0771081262193,0,24467.749249226763
194,0,2388.1851856843696,2524.328840787281,6990.877691925954,213.00914251392945,0,150.2123756245699,18600.169243837267,0,599.3875840389763,0,31466.170064412345
195,930.317890750284,4485.585103532362,5262.981089261873,8589.755778539817,1228.8332597930962,472.22295929623334,0,33963.37508105314,0,1000.5095021242712,0,55933.58066435108
196,549.9020442016598,1369.1318512465948,3046.705245454751,15395.731071852248,1054.8826965492328,0,84.56730788286026,34318.60060217362,0,183.26417112653385,0,56002.78499048749
197,871.8474211456537,2845.0838353797894,6175.5019360037195,14627.272024872234,494.0871724386268,154.19570126287311,444.4459411448042,16350.065002191915,0,1914.9649014914864,236.8794667743404,44114.343402705446
198,1463.9725769272118,4047.235083740028,22039.15209756036,9170.883327342994,5330.2444330472745,9884.945870862934,2747.7999731147574,27827.6614180759,127.8322174380485,4432.83131895717,446.9214083569728,87519.47972542363
199,872.2599472146424,1849.8691527134995,7435.503077324968,40623.960927090535,1453.474026618996,88.81180379012372,188.62473730659627,83394.33934440244,0,1117.7125704173102,0,137024.55558687914
200,416.725543634121,0,2386.2983238453107,9193.835332737912,436.64348346412953,329.2828107441255,0,35274.527555374814,0,0,171.03989024010176,48208.35294004051
201,0,1794.0899790355472,6998.733922317906,34342.02187207783,347.39556616486885,872.4544904684167,4868.553303641493,53801.34446249342,848.5890092622957,2493.739617513641,0,106366.92222297542
202,711.8588114932918,3628.9349916935626,6521.070781429297,29353.126880319713,3106.9710727109054,1585.165118561098,1495.6434646373004,79694.52115119048,0,527.5024638017145,0,126624.79473583736
203,0,498.53695062213086,4169.100830723198,21439.832603728093,0,1023.304121404283,0,52459.64202225794,0,0,210.73201598402943,79801.14854471968
204,1684.5006051128714,8129.045666923895,13539.428576013854,26833.18192543735,3429.5587019098584,934.7829281032539,1297.7393113874168,83095.36029057774,0,1428.7048568775886,415.8204285570788,140788.1232909009
205,31.809513049811542,5013.285450768155,10176.5829861905,33497.48726468597,0,0,1055.7760061792578,79954.75342996645,0,251.36747647294737,0,129981.06212731313
206,997.2397910891949,4592.53320839983,11559.055148525238,12538.383337781102,1345.1453836965063,110.96789810984578,1369.3294441466974,37576.79941070475,0,2689.8832401292048,121.11125244048785,72900.44811502285
207,612.2352595716499,2987.4271245539353,7878.136238947452,49507.59347564285,4966.21842861077,2168.780141100182,673.1222174527534,76787.59547501913,0,557.3012513634719,0,146138.4096122622
208,4850.642165619901,5688.5110956695735,22183.798619435613,7933.735500211887,375.6243626496401,1402.498219136657,807.1672504493749,34829.60152209389,329.912322381748,2290.9351613065755,85.61855165822621,80778.0447706131
209,3512.738592990111,5067.896479920541,7719.346731841781,9572.249038006037,1629.549746671348,1281.0242771355029,940.4345126248352,38564.47029885715,0,559.5285453921723,140.5351114619672,68987.77333490145
210,2060.1973455900497,9258.495691887794,12069.394668064742,13346.721631170269,2302.296771368374,2182.2147742341035,1417.5729247541271,19502.506792670258,0,1170.6126640530397,0,63310.01326379276
211,1401.261047648989,4304.051105094101,12080.13721397189,7139.023412508189,156.676915452862,417.50264598824225,196.6217360781312,43344.77037707694,0,2263.338208508079,0,71303.38266232742
212,880.0029739752708,4001.4661564844273,5976.650862316849,11291.835431000554,602.0569727587155,0,175.77818782160367,32457.50109447672,0,206.26687648891036,0,55591.55855532305
213,4161.410127047311,6726.732681809272,11462.481825168436,9342.62267338882,1188.0622393894143,270.9152759756894,40.6369097289765,40404.96945091673,0,1158.198967519985,216.07967189694676,74972.1098228416
214,2167.5436031576237,2377.369530034361,7242.727155129315,8480.204997148445,0,86.65036833830072,435.446341810461,15682.449941856528,250.24412589956177,1589.2667815685722,0,38311.902844943164
215,782.8524454910402,2772.470659604781,13297.06705830791,7989.625534137838,419.5176333086707,2112.8989675520465,693.3343710039674,29434.11787854092,0,1526.1889515892651,654.8424495599103,59682.91594909636
216,1528.761339839902,1527.2449075464297,5893.617890256999,15034.468093565572,806.7976388396595,504.21846897778704,0,32453.75547513581,0,3836.4302515402383,329.39629106068685,61914.69035676309
217,622.1112472117028,1637.0238305947569,3212.4172308581988,12006.340321669,141.1929818279323,532.1245604062137,78.05342660925787,14776.55620313741,0,347.6321031040774,0,33353.45190541855
218,1564.1604279357057,7830.238039624179,6527.951060666688,20368.429788493253,5019.198922118689,544.606911010574,2360.598475823227,59687.005686140015,0,4027.948830283658,422.09130163339125,108352.2294437294
219,2332.3360371271847,1313.0274253640855,5231.601757102372,15055.66601622488,696.9274781605292,0,554.3392741903797,43179.41845581944,0,533.7296641458523,304.2095530262839,69201.25566116102
220,1804.971249850346,1782.5279846798371,3434.8457659785363,5786.149932510765,475.7796953408245,878.0166768126248,0,33546.89503861925,0,2188.365157122743,0,49897.55150091493
221,3108.7791420490703,10091.542515774168,6034.00929713372,11680.478214133533,5418.078247645861,1283.4742323373284,882.0737082012128,32155.72394547062,0,2652.8227356545444,0,73306.98203840005
222,1015.3638141075996,2131.511110900844,5597.940104402171,12272.846479085678,0,2668.4787261787774,2889.1029394924535,42186.71430690531,0,2041.7317624608957,834.8976420909187,71638.58688562465
223,573.8930071167885,1024.3006568623755,7639.303137459557,3571.3288192736063,3727.124702448716,155.37424020249753,530.9441576726439,25882.815043957944,0,2862.220329345416,736.075025911582,46703.37912025112
224,274.6379132442393,0,1469.5390664065562,4634.446183716401,0,0,1066.5674582110223,0,0,0,0,7445.190621578217
225,2861.824249823277,4537.754213035973,7600.349832515738,9702.297026706809,891.2388716069813,0,759.1739619793102,33547.15332191295,0,576.6344758068616,406.1826032584797,60882.60855664637
226,1047.700725695432,1574.1275920433152,9064.396410295507,26653.58622574771,1780.303534659456,1422.794273697603,0,69136.44234569254,0,3092.3495109174964,0,113771.70061874906
227,1359.6837091889988,4200.7809947125115,14865.607439068624,14884.657598705036,2188.989971216096,1146.774981864222,522.2742330227352,54782.07175657191,0,3541.1999427079036,0,97492.04062705804
228,370.7731008862214,0,3155.271626406173,13643.399685556808,86.7040924879589,0,359.3529602435852,42250.37871583951,0,3708.865590901076,688.5212128591336,64263.26698518047
229,2336.3074488041925,2899.402843989189,13995.149380819908,57446.93964031567,1397.199665986227,3609.987073034499,3260.1739191952247,120767.79307601138,0,3779.5904869426786,340.51236131217,209833.05589641113
230,578.8366062489999,3959.017965820048,5066.930804334282,25619.084633042527,0,3018.265131921918,1200.9364969518128,54810.690103355024,0,1527.350847046278,0,95781.11258872089
231,1164.813163861455,1966.541226612561,2839.91821641599,5383.648789611337,3511.7903745392173,291.7361522429576,0,32779.295741343085,0,709.307120334142,130.73908284141876,48777.78986780217
232,1017.8601507200927,0,3748.490510308133,20465.887197887307,739.2882829595477,514.1882770061122,1825.4785986784948,39762.858711160734,0,0,368.6284908714487,68442.68021959187
233,632.771190211325,4566.786543283884,6506.308073758963,16265.209334574432,1154.3207696859126,854.5661626706019,0,49045.157775682805,0,2950.207682457688,0,81975.32753232564
234,320.2777902731075,591.5919069548447,4719.780164813048,16956.313876754502,1446.943235880046,544.7776801417345,628.4294687066623,56368.0515765671,0,428.10316682467953,0,82004.26886691572
235,2809.156949871609,2589.2660017813755,7587.845628081094,22641.24008551077,278.2934823012645,601.6977503144926,1188.0199518480454,48569.391137645274,0,64.47332263576223,25.077457987534075,86354.46176797722
236,2541.7592922869026,1351.1352086086729,8785.745705058727,7332.472910377351,1314.9007880445536,1554.8124229038724,151.95659831047018,9459.945203692823,0,653.1390306808,822.7264826108074,33968.59364257498
237,1762.383242840794,9062.831152133285,6129.170996477537,3116.733663514576,3257.2395682480437,2043.9357455794527,2485.000028067285,9013.04703832428,324.544548786352,2350.6242021580433,1200.3822681223864,40745.892454252025
238,4254.635826127802,1290.0079257445027,7661.700576244335,2819.256258555296,94.59216291823569,85.03967418812692,777.78276895664,14091.878064132548,0,761.6422803250884,526.0590500726045,32362.594587265176
239,635.2051712457677,1773.812416020913,16486.748594015407,15368.464131686396,870.0974260214964,3628.5021876837873,1485.0530689101226,15694.28987643964,0,1812.5849021166591,2791.2860231324476,60546.04379727263
240,1416.90988179462,2234.5525000209655,9470.188593582763,3539.0782982681194,661.2667307152707,2298.3107012999717,2627.7920440013545,18504.543186022507,0,590.8559901848985,0,41343.49792589047
241,4711.753601712605,4159.3229674223385,5783.014870110419,1507.1087237566608,1850.6829298180448,790.1580569858912,885.9015451204032,11952.3387864749,0,271.7718134727257,0,31912.053294873993
242,4235.090837268909,2318.7450286328,5299.931941640636,2363.912622126049,418.68775961719825,2209.9397617724453,1810.5382900655304,27145.8606052024,0,423.1822132947178,1644.0677964848437,47869.95685610553
243,7291.779556240771,6520.560005382703,17354.98106011412,24340.061385011784,2223.9545033400777,388.63342557520184,1639.1275631605097,35652.25477611619,548.3873001681928,3166.4821124891396,869.6908269689437,99995.91251456765
244,188.88147180194176,7188.495050802596,7385.658543903715,6667.411770851626,806.0181110462935,1860.3676807571649,648.4793479894555,62730.04142501958,188.88147180194176,1198.42979917057,729.8454437739389,89592.51011691883
245,701.1494422042913,766.33222126466,1366.0363555560425,3998.5023522570527,1022.7332764710698,496.97218858389306,0,17535.236977648205,0,37.28013937602493,0,25924.24295336124
246,772.686137193097,797.5865108919132,2672.032287279299,11308.689292228652,0,590.136856876263,0,26370.312690226016,0,574.8241074395505,131.41377600905136,43217.68165814384
247,360.75739139611613,4784.732319780468,12001.207905462468,17985.118661486427,1876.0336085205013,1574.7610573768088,1492.3043667063105,64465.81561043433,0,800.6487724741083,235.2326055960722,105576.6122992336
248,0,0,1053.204676679111,0,0,0,226.93073881310875,0,0,0,215.0032970511362,1495.1387125433555
249,2154.793645952387,4210.804113623258,942.6537010625507,8766.879186826945,1503.1539762431578,273.33727741030015,426.54772972706064,32999.09950839085,0,517.4271550692441,1543.1670896425694,53337.86338394832
250,286.35530843758715,3797.908295978929,9603.37874335594,2462.1061941492644,5206.09131899027,322.97768244827364,3052.1814967382006,17409.059327769868,0,3214.5279598760894,204.90187538100167,45559.488203125424
251,235.99505994126488,2147.309241150288,4102.847711207394,3184.5792032972113,1471.4459729609775,302.8249690990749,1208.8142901177516,18940.075341271942,0,85.03967418812692,0,31678.931463234032
252,388.56260593575274,776.1027847035415,2987.7003537877645,6073.3430461530825,1745.2412690854626,533.0237658718121,415.7131121901206,21165.08717429592,0,464.0225712110936,36.721267267110655,34585.51795050166
253,1501.6323297851543,2425.239266720101,2375.683207919545,80.72218860082873,1047.148510179214,948.0297305920176,0,4425.057329287405,0,272.48145518851925,0,13075.994018272784
254,898.4382284129994,8220.290337861881,20711.798186079035,27985.10661114771,1990.6484336161184,2035.288585185663,3184.0042724622335,34475.10897834524,0,3562.3253612830777,0,103063.00899439394
255,3794.3842701110825,4773.488025107123,8122.611414888496,17065.475972267228,2340.4568089451673,836.5855475374251,1689.7040601081687,50255.75466918902,0,2535.887848567433,0,91414.34861672114
256,2933.4591464416467,277.3997864256462,3813.9802507797376,6965.991340718448,1189.6299007310968,1458.7396353363583,529.0893647179201,30214.134284121505,307.1696850320444,690.3300252318171,0,48379.92341953622
257,3746.047047555288,1670.2719993549117,2413.5345249410743,7547.23891054255,755.7669556546892,0,330.7484492075814,34633.17051321294,0,490.8594554573548,0,51587.63785592639
258,4303.08133276553,808.7306786905158,4748.681397745371,15634.765258627272,200.0737936670776,422.2700642421262,568.9770674269942,52284.89761832248,0,2867.9575681810265,236.43570677804777,82075.87048644644
259,0,1559.3200015319655,1228.2328814394616,4063.0865904217026,0,0,0,28134.37154807565,0,527.721461029138,0,35512.73248249792
260,237.4068285856557,709.0706857306832,3442.7444192407393,8459.397287158752,839.1156107385914,862.9728450215889,2191.5878783677545,47011.50219814659,0,417.09762832783906,0,64170.895381318194
261,2077.9293098054127,5366.248974029381,8840.200300862156,14396.858155412545,1574.4459542013908,1875.7916477621657,3991.6097448291152,45253.44661169816,567.7306460292884,669.6847325732217,0,84613.94607720283
262,3794.707754300533,967.8226667547387,3053.5542235925327,11491.100336387844,631.8174348543155,894.2026393830794,2016.8995634261296,49856.312004257416,0,987.465884244363,0,73693.88250720095
263,5238.4043532637625,3951.6654523814345,8392.694481426062,22332.14605983245,1589.462937617653,1364.2610019362285,2609.0238920500688,48649.29422719493,0,444.0651730279228,0,94571.0175787305
264,6070.815171939863,7318.130552695216,14813.879582280792,16304.91831264543,3634.280649135133,654.0117278102775,1727.5145633575555,54817.95092725442,0,8542.572229713694,1590.9299151149144,115475.0036319473
265,3264.4503991387437,4220.629708367659,9007.967120005194,15718.5455539304,1824.2938020736688,2349.171043788261,1013.8540363604582,39575.694868540595,0,2613.5898115122404,1730.1271174599028,81318.32346117713
266,313.5809643697673,624.8110293991714,2146.8265273425945,5988.152700595308,120.70493027588616,51.64115397057639,0,17847.73220960734,0,0,0,27093.44951556064
267,4304.794310108681,5201.020664649976,7164.375268117634,10855.234144149188,274.83910823408996,530.1567109369353,4554.085562663972,22636.97209921238,989.484464803232,1011.3015427024108,320.01939612413804,57842.28327170264
268,1226.759671290093,1828.3437616059848,5905.208661269925,4593.740966285153,1724.6751347589775,786.9632565487634,0,11517.413225307097,0,637.2698394263316,370.3302081900892,28590.70472468241
269,1844.9455430291043,2116.332782035286,15655.564668198687,3850.1933407168976,4080.080855015415,153.53567013161447,1648.0068297162757,27537.53509280168,0,511.3086955673088,476.8549464465976,57874.35842365887
270,1675.754742015993,1602.6690420877446,6690.08644057294,2468.445934808147,1076.5071926163082,558.6523879614824,1644.3757051862267,7530.03431997097,250.92907711004204,315.8883044858686,520.4838801928291,24333.827027008556
271,524.882001952088,655.7295430694032,12070.922042686483,0,0,0,910.9243891951868,0,0,1102.5208472880713,0,15264.978824191234
272,843.1920728388175,905.1346662746371,11593.182251841434,6377.695174850397,53.07161210805898,374.2386561794321,634.3679293166201,19200.626433304085,0,412.8330834491695,102.82110503035383,40497.162985193005
273,2962.217437618136,5887.827177480191,7843.1296956363985,13813.620141887975,626.0928496410966,1801.770453419259,478.07740609881535,54518.25470125018,0,727.0276385778111,181.62416809964228,88839.6416697095
274,2007.492510139503,2956.005770772561,34734.3824931989,14865.68206689217,4717.277251982607,2349.873030989025,2202.8059331574555,28693.574860735283,126.2829017667474,5282.894379720762,751.4059442421477,98687.67714359716
275,693.7884959979838,2557.2203587049494,11997.476876232053,16522.354315586366,165.47902937566755,3348.8151630626553,4724.846029809984,32063.02212186874,0,3816.097672801077,426.2377436561718,76315.33780709564
276,2769.1971801045797,4869.483540919603,7441.07404116392,20217.164236661265,1026.1260891886889,318.98769622724194,3048.6986801396774,99031.65233914553,0,2107.7019473520863,603.8776442187469,141433.96339512133
277,379.40873440450093,2260.6993042373315,10589.096393258027,11134.450552898648,643.372496826525,0,1265.1111751895728,38559.615428779405,0,5710.599819879209,0,70542.35390547322
278,1287.2402138217694,4688.981286510297,10818.52177253012,33458.3228304734,2855.887999926193,736.0888612863076,3482.3956564850796,114218.21060533602,0,7414.17998610009,320.3903967163217,179280.21960918562
279,145.94942663212387,1810.2896320201708,1482.5087101070276,11841.080124090247,561.4455826673029,1215.8476740623548,1356.1654255523626,58307.0540859852,0,945.5918299685408,0,77665.93249108533
280,5313.064390634919,2928.0726686268104,16113.420088531748,12460.201048843815,1391.1891587835262,1293.6156345971035,1381.5798811559291,16139.610686910162,123.15207638775831,819.9313111097301,163.63541859165068,58127.472364173154
281,469.61525103126,6461.44713611076,8451.385898508333,9332.758365887477,3449.6979612610508,2679.3348511164886,1159.7593464382687,27071.788882974004,0,441.05951588518167,752.9308459693298,60269.77805518215
282,906.105433923658,5823.878340522375,8568.411029962563,7724.216106519957,1359.2909711003194,229.9978727355997,3758.205411322739,27448.244048953413,0,1531.1193365189968,0,57349.46855155962
283,2365.473921040497,779.0141482266965,2374.1638293108304,2077.1746956161355,0,692.3905258865725,170.6380726875816,12818.816072585496,0,558.8365144642737,860.5850235532752,22697.092803371357
284,1130.3529812577767,800.147976430362,5983.543980174776,20749.05238068568,441.2504570819948,1098.6237405264706,0,36831.14717436384,0,1333.624889143894,142.60702788867846,68510.35060755347
285,1338.777853669165,1038.5607445641294,4083.817906557013,12204.063349362792,649.6229645175498,1005.6587589657496,121.57923718583764,75015.18104909937,0,1877.6100179388063,0,97334.8718818604
286,5232.939027821882,6419.220753674106,10559.851921801594,7081.681816033044,1481.5423905051098,142.14016767594484,371.8243756483023,9316.37150995079,0,1213.3605964518122,0,41818.93255956259
287,3857.5793976001055,5728.804587074507,12166.69043899035,6130.804690402757,2780.600220139552,428.4647301984766,1036.7026014932362,23969.765910284776,0,691.4678756847832,630.0008690752657,57420.881320943816
288,147.45308953651664,124.75611770135434,8811.682552221335,28282.416922028628,20.83074957277041,1063.154073632296,447.1132052784078,12808.021778404507,0,1640.7909906663358,485.5592442548317,53831.77872329698
289,1708.8432856289787,2210.1404873949673,12525.141145494454,20858.850373568403,5024.075563001695,3660.4563612163606,346.71111637787646,38338.55679588796,0,814.9765196791418,266.9823622608817,85754.73401051074
290,388.92390703865806,1116.9964397830297,8131.410915280616,12492.499441601429,0,501.1919946959726,509.19298872479607,44845.37579739356,0,147.44633222225923,0,68133.03781674031
291,0,1799.0471318931272,6850.323604745631,15342.69696071564,2952.128551767213,1956.600595999647,2705.003909164652,51839.49346543318,0,3311.7242799008304,0,86757.01849961992
292,0,0,8213.494080949056,23348.101251905147,0,0,912.5795427692866,53300.991494101574,792.7218908669051,75.48135047880949,0,86643.36961107077
293,0,1082.6854680495292,9865.843641697536,14105.6998653146,1234.5422392585672,699.3699246699072,2287.939104537056,43971.34602901777,36.76599512411387,1405.572227327722,0,74689.7644949968
294,0,3130.9940568548336,5217.063507880944,30691.745481198483,3828.360573988896,0,294.93947343622585,61534.74896991611,0,735.2524008922392,0,105433.10446416771
295,606.1732708725789,1448.2801052601287,12296.958144495797,36448.45761853184,0,0,291.7803614269434,87270.32701526272,0,1303.9746264510045,0,139665.95114230103
296,59.10624080932243,0,698.6803505542885,1634.8329193523507,0,0,291.7803614269434,5374.756278462321,0,0,0,8059.156150605226
297,0,624.4578062997939,1455.0433291396698,784.1335013029208,0,0,55.429636233663395,3468.781654189888,0,1087.3582542263332,0,7475.204181392269
298,1171.8374837446404,7337.592440430106,17635.383702264513,58908.86768908348,2884.35223816546,2032.7849367088436,121.05220543421248,114099.57982358128,1017.5524842824204,2047.043001774215,142.14016767594484,207398.18617314508
299,82.26559378684458,0,540.1973619067765,707.2850886738091,212.49438817454177,0,34.29171193281346,7310.546403401221,0,0,0,8887.080547876005
300,0,0,102.04200587907086,10.279284804018989,0,0,0,0,0,0,0,112.32129068308984
301,10257.941750840482,16686.737138473876,79263.97263061833,25598.13706914942,2873.169768950356,2780.4581030358486,5651.364861778333,24091.67418669904,544.1331707364762,2553.5663783588566,4369.214399441468,174670.36945808248
302,1245.8027246091729,4595.707027098768,21078.188262533255,1981.4065732736776,428.80990131970657,4961.905954643661,1316.6099181236818,10690.941397740093,0,3695.0960968659174,169.22140442543918,50163.68926063336
303,559.9013823716341,8892.174515122659,18142.08438060637,15395.111195853297,6224.422543538881,8086.4175297099555,3005.875129837623,14753.584061288408,0,2962.1317954431574,1102.4423186113531,79124.14485238335
304,2190.263763084993,2718.94676016963,19262.965968481985,11777.375372379402,1410.8759199762287,861.6567635831498,1476.5778398698924,10156.734046265969,619.1409443464455,2901.886503591818,302.81773714319917,53679.2416188927
305,1428.7413676446536,3646.6961075557538,15902.248321124234,29287.755077688813,957.0206320206589,4832.150191170262,453.8068699136885,67567.06984039843,0,2507.3790595495298,0,126582.867467066
306,2752.488359047398,6058.413049652276,8591.714247658667,34774.5564241838,2803.6253590256074,2100.540841530969,1887.7669995811757,104143.05932608318,0,1975.2307351203433,575.7160771998139,165663.11141908323
307,2165.826646265999,2540.2481393508733,4168.388858340053,9451.342262041358,175.86552726541177,437.5424189726667,476.5783487462515,58688.805302376066,0,1215.1092145685311,293.04806354982566,79612.75478147702
308,381.26278166841365,5555.269007873506,9810.301242075486,24531.262139523005,0,1990.7994513073788,1100.4511032695268,89212.9833644413,0,996.4979079015048,0,133578.82699806013
309,0,392.15513308052994,2796.459309337308,20049.40008097119,516.5285044717533,445.4816757954758,0,41999.266368822624,0,1353.9347647531642,0,67553.22583723205
310,336.8697871837432,882.8615159180476,2064.603991487471,15491.56171922068,880.1407065410585,85.23634664622338,184.50472015229224,46834.02620679104,0,631.2000236606759,0,67391.00501760122
311,0,1671.5066154398294,4044.4083472055777,6448.058109904448,185.75306714418815,1119.5500546014632,101.81944864657716,18914.74175923286,0,181.16394760879237,0,32667.00134978373
312,1365.4766178446766,2634.576512027649,13538.380489674428,25652.274203342604,1450.4082983145663,4179.839350574367,3462.7449513866927,64701.09022925775,0,1191.3499023993195,0,118176.14055482204
313,678.6336922262545,4751.303171970214,6914.025397171203,28282.744941050245,2488.4998157238965,228.81949157501737,4397.312286279385,32430.56066426796,159.210687695811,2577.314450291536,623.7839561060814,83532.20855435761
314,0,3061.378160626364,2530.835823062572,5460.354446990512,1694.6869551323273,1670.9312020376224,47.15393403274483,19810.918952566848,0,761.3272937055247,271.57837894957896,35309.16514710409
315,0,1127.4343521522353,10301.214147737212,32673.52325532101,1015.1570319297728,2247.003286919806,233.01291838429472,69869.48375653882,0,2076.4231693862184,0,119543.25191836938
316,845.3229474411175,2412.0373779845154,11688.182779275912,24940.91399834096,436.6857561926448,1775.6428254551226,357.3505150310982,92422.31932832068,0,1721.19594720185,0,136599.6514752439
317,1104.4512893765109,2931.507562167805,18892.452723854283,2231.930749852044,631.3006140427348,2506.1320401251,760.3493986816022,10463.142038722192,0,1397.290932323079,136.3288799354359,41054.88622908078
318,876.6285314504128,655.0292750861016,7290.487416328274,1098.403567355001,160.03121429801226,2602.670360308835,341.20463311018455,2410.03969422488,0,610.6387535633638,0,16045.133445725063
319,1031.3815798990636,2657.7431647107724,14055.300211083331,2625.403556694171,1304.388384444267,303.11275122050006,3102.5454335312565,18095.72370333497,0,799.131411250131,165.47675532226827,44140.20695149073
320,30.23989844297947,2612.36197162439,16784.89833325535,8878.82188664906,570.9473598060882,2128.49288217801,863.46528802905,8009.439789776907,0,69.18544257160819,212.57848719660473,40160.43133953004
321,1012.0207711504718,4283.938205171705,6391.449868960027,17672.585562939614,367.9659826650686,1744.233005650593,2998.410604438048,75437.58872340427,0,1212.302247152361,205.6040309851886,111326.09900251734
322,1785.4835346154266,4212.439441269979,16692.156744239914,13831.76860923128,2968.0511063590766,806.167730636336,518.3968730344752,40309.765736654444,0,1266.9765076482824,813.1043430828972,83204.31062677213
323,2459.2197305939235,4050.182012549969,10899.9120425315,13974.069615847133,1096.1464509421312,473.12585789500895,2994.2003757186167,49381.10022251575,0,660.9899123154336,0,85988.94622090948
324,797.4912620629348,2035.065158695664,5782.86240074222,16313.030339551686,1335.8661228559313,642.0517244399717,1061.4370629032376,68466.5558420663,0,1962.50113770718,0,98396.86105102513
325,421.57654589332554,1924.0650704838456,8377.281431373009,23422.989049221414,1031.6472844475388,1247.2215438622654,4478.42727114382,49241.44901087189,0,1587.9298107909185,353.1282194082975,92085.71523749632
326,69.00800377679397,3386.714307809135,8089.55030302699,22339.781700228195,1376.942950593268,3761.2536040584177,575.7160771998139,37376.55584345336,0,2691.895707686221,0,79667.4184978322
327,0,141.70468366193927,3558.5132689907255,14283.46583404618,796.9000018711428,1566.7673016028602,2484.5842265644296,50536.796322571165,0,1717.9716263718178,0,75086.70326568026
328,104.61267816957556,2167.5350852335887,6960.690548173569,1076.0528149453737,550.7280698896875,0,152.28317730506237,21839.338178209415,0,88.45864576987935,56.94567083446894,32996.64486853062
329,157.88715336890573,0,5342.953449048612,5458.033539179087,300.5523407911734,383.71114619410776,885.7793986162712,16195.50942687486,0,56.94567083446894,0,28781.372124907484
330,2250.792544824367,3712.4363505003976,11682.351802563846,11794.624115235893,1351.4286707007172,235.1558405249176,902.4781167566616,22994.941472425304,0,1969.5365325234864,650.5799867598176,57544.32543281541
331,910.8881058974715,2668.0695704071977,5069.1217772322,5617.639735864418,113.53639043027049,0,1014.0797378529674,23629.95682772654,40.95160988714052,988.9125492217303,161.13687810354375,40214.29318262347
332,788.0511984583214,4848.548783520214,4796.224323642709,7924.05478704336,1512.8472558004478,354.052307695187,0,37945.74901169963,0,102.1482195688806,0,58271.67588742874
333,2366.7548786896095,1872.2836590981765,4347.97224597884,10840.99647134278,478.126620636085,0,0,26310.904485297528,0,1403.1742638922478,219.73993719797923,47839.95256213323
334,1234.5098432034947,1459.2026394138943,2533.071312134515,4453.500328566799,303.3546047710574,765.3444161541723,546.9668624641077,19409.435740194207,0,226.068493225679,0,30931.454240127925
335,939.3415707274867,1232.8341436645,4112.70704574436,7614.5346512331325,2042.2225507120447,575.4385834563604,549.7862752231724,30517.63548473983,0,2267.075564775731,0,49851.57587027662
336,278.27200080032105,0,5570.628756406857,4965.2241953569555,513.7517899894003,298.9484139810837,101.8139270610572,38046.47647430777,0,213.31243659877347,0,49988.42799450221
337,0,661.8080330814346,8628.421858266845,13159.651061472649,465.6089606298626,541.7794881880186,1048.1389061500618,45623.86616270457,0,2605.1501857110084,0,72734.42465620446
338,102.61868714802434,1265.1643904110715,5430.562630296831,11195.518718345353,764.1336491104813,0,36.08604578712045,17468.530075570037,0,1037.2021858231587,187.6535970379509,37487.469979530026
339,2060.3119472107737,4584.2730778493715,9907.77742644069,5750.421308939651,624.2530398919844,352.1057790311922,241.65797728832007,28904.207138906364,0,863.0765117934664,0,53288.084207351814
340,16.49905130991548,1114.7984869501113,27904.35743039308,33300.32838723823,4.13435452034164,1581.5140663253603,1001.2304344386848,0,0,1951.8599083286008,930.5130703536937,67805.23518985802
341,1121.8404376084263,5890.140378721735,10128.9807888973,3251.7993415704727,2031.568895707404,1319.996440967374,657.5160951091787,4831.600122202272,0,2816.017301065531,268.13890392732765,32317.598705777025
342,1007.74579682131,1809.8068276880483,1773.6876579586374,6558.109064870627,593.5599572617991,201.30699563393068,726.3186507033632,10020.53475079002,0,608.3932097813888,120.25754180904045,23419.720453318165
343,1123.6905246166184,832.8182816542819,10684.2789793967,11689.553218231407,2004.8411982897417,2346.199217513671,575.2375070940839,19525.17105335415,0,1407.8744084711034,302.68929312675687,50492.35368174852
344,30.749406515253636,0,1457.9736016604295,111.98504791369103,0,0,0,4349.344965948995,0,0,0,5950.05302203837
345,3253.618505525264,2555.8886018331063,17405.2162350212,20238.531140566032,481.5325268601638,811.7911621835322,1894.6189823822567,44015.70680602416,0,18.066567766321043,425.8246477310262,91100.79517589307
346,1955.8070854063185,1677.129604164418,4880.840162405775,5019.700133549012,239.522838215876,0,0,28961.605157551137,0,0,0,42734.604981292534
347,0,0,338.36700302007887,1093.0876895445056,0,0,0,0,0,0,0,1431.4546925645843
348,12907.32535742355,10624.222658283556,19915.6104683508,29574.583286900084,1625.816990800923,1783.2561955541858,1465.1563768465005,73374.10967052534,0,2495.7383222995736,854.6892746408406,154620.5086016254
349,5433.288351069781,6349.46015661514,2890.3899787679065,2317.0797716529996,0,0,0,7352.184238404109,0,97.94963297313696,0,24440.35212948307
350,0,0,0,997.3968263169273,0,0,0,0,0,0,0,997.3968263169273
351,4302.447101901617,6411.35908987516,8327.37030022246,22007.92079348348,278.57867244145166,1364.8597614737434,949.0027003283587,47333.969731478704,0,1106.250259509718,612.7500660209098,92694.50847673559
352,1177.5911149295198,2955.7232275035694,7561.903219503552,18416.745505362625,331.3686376264642,2148.9294077783543,900.9078134916384,54216.4246355551,0,758.8861546548513,0,88468.4797164057
353,0,0,1449.2511502998325,1037.0509105880108,0,0,1105.022118885786,0,0,0,0,3591.324179773629
354,0,0,0,0,0,0,0,0,0,0,0,0
355,0,0,0,0,0,0,0,0,0,0,0,0
356,183.53703918454735,4244.617008403968,6592.5836977533945,21588.033602870913,966.8133195413367,388.92390703865806,2005.5988091412553,49210.202317116105,0,3133.3335078122636,0,88313.64320886246
357,1581.8434201835512,747.2127445197425,5963.638259173396,28317.79364428154,0,983.4035410678376,798.603200289661,64477.93308475003,0,1405.602560366602,0,104276.03045463238
358,0,0,127.23686972806502,0,0,0,0,4282.327708127857,0,1101.6070945996075,0,5511.17167245553
359,2851.7088896456744,6876.380008066162,12583.226551217344,25687.371784887095,1509.2044152529163,1278.1844577723923,97.69435032776356,40818.80737058288,0,1333.7780519427972,0,93036.35587969502
360,479.9119992201081,0,1316.7732266410517,2957.6025473311165,106.14251777402016,92.63577189025995,649.0275006602781,15921.709056418998,0,0,0,21523.802619935832
361,2596.290056995395,1236.173007744403,4691.3471749737255,8861.114889172546,1390.4852491179563,404.57558494484,386.69496573677634,21268.787173031273,0,0,0,40835.46810171691
362,3454.1914031983188,0,1001.6270367442046,2074.8428030504583,184.2658661738354,0,665.8913446870536,14757.78879248672,0,0,0,22138.60724634059
363,1039.378268372714,13175.547951323386,22836.27828281658,22216.089414246173,1617.6601245686895,7441.615255978414,2157.757746811886,15831.269217015037,0,2234.4093218436583,0,88550.00558297653
364,995.1171777094157,9751.004288919,20810.904980370175,26923.87320720276,2906.053911826366,3705.072010375985,24.933215633966693,32109.278867206027,0,4594.260998338959,121.82241881494927,101942.3210763976
365,20990.074650779785,1602.0468083684648,9735.359178227003,3038.39156832662,0,0,0,7018.421414539844,0,0,0,42384.29362024171
366,3958.1744711696488,1791.4064360224484,6520.543103131516,408.92283735786464,0,0,38.56642344850264,8105.173769159035,0,779.8154921937319,0,21602.602532482742
367,12179.061362029151,10875.797163427676,13683.83157227036,8588.365248276834,5034.156492869583,508.548294632834,1768.3868145138924,30394.80168277431,0,622.1510184305017,0,83655.09964922513
368,1385.6243931864751,663.9734210407244,7630.346468890898,11856.693068572004,341.63577232648515,1531.236402631063,1042.1022984180447,28115.783932405415,0,922.9636016590568,69.95448549186736,53560.31384462203
369,7070.233173359802,3473.7546639606608,7213.804063339525,15208.74796630944,246.218779228754,4754.147840588235,1692.8976451715762,42116.65197451258,0,1407.5855649397135,0,83184.04167141029
370,2867.8308014853833,4305.137922219229,6355.144341033439,22184.59986411961,1442.6354535498,1131.829094215194,958.532834193674,47492.419727808454,0,3040.2205970711443,0,89778.35063569594
371,2938.4661701829436,11836.53518357069,15701.703832262145,23285.96122522441,4593.32874871323,377.29339203964673,0,75696.53519800096,0,1618.3942285981234,1020.06563275447,137068.28361134662
372,326.2208434374748,1484.4784139349947,1274.5536690805616,17199.07540432904,2289.8246707878193,0,1695.3838236207182,55728.31137282866,0,257.59753507607695,0,80255.44573309534
373,1768.43209718836,5083.066019251152,7752.882043242728,13236.197619202308,166.72067638910923,1510.3230642207643,587.469549760968,28288.786769546216,0,78.97623846137004,0,58472.85407726297
374,1193.4523461088113,10104.777994523118,13246.852797019486,22882.735855871197,6230.788110998519,0,0,28005.944537215633,0,808.2430104357493,0,82472.79465217251
375,2310.261956507652,350.4561301332115,28657.966430618624,0,453.7676788048514,0,91.4472473448892,0,115.3654201623733,1437.0877330871767,0,33416.35259665878
376,15131.55281645451,2945.1286779613247,12561.445734606054,20358.488830146867,1452.4836797825187,5389.461970568256,0,66945.22466203991,0,2501.6138188765517,207.3042551119416,127492.70444554792
377,14139.391331401714,948.7364212834157,8026.8152659699745,20994.299975424143,0,814.8392777207622,282.92331618041527,35378.798004552176,0,1265.9491183662085,0,81851.75271089881
378,15118.308060853282,5747.958683022324,24497.99900795861,51507.27151308685,5082.4764245916185,3237.821197496999,3838.1654641056366,131216.18425484098,519.1027480481443,4161.566611113295,157.58589805905467,245084.4398631768
379,13886.44512504496,6137.0815036097465,15892.397920759826,33532.3553503443,1934.945976512638,2014.573695284848,506.9695496410099,72794.94150677511,0,627.4366384059132,0,147327.14726637836
380,940.2716302919787,594.6434552805904,5323.5727879258875,10662.150417546598,2823.8441043923444,1278.5061329877171,269.609267774579,48042.904759641526,0,0,0,69935.50255584123
381,1685.2790786332112,2646.1381922277164,3516.559340789297,20218.294612329915,2709.031998400831,796.5967601994824,228.61389615310551,89261.16569814099,0,2420.9178428224513,0,123482.597419697
382,0,0,0,0,0,0,0,0,0,0,0,0
383,1131.6199149620245,1721.7786580355564,5300.591988779071,19297.89045741949,3275.1905003265388,4443.6494641441695,1324.726919927968,78487.15245649537,0,553.7699508180312,483.6902155407733,116020.060526449
384,1015.7988240813986,2228.2511892715447,9107.770443640828,22639.480457481233,1102.137265487043,613.5906620156605,360.21295526879305,74153.1913995402,0,4566.789654888463,0,115787.22285167516
385,486.58541544650166,589.3261394581073,1112.0462713038776,9148.16000695982,287.4393479977322,0,231.7104907138584,16362.911273821854,0,0,0,28218.17894570175
386,0,0,0,0,0,0,0,0,0,0,0,0
387,2813.897940158653,191.5131031470184,1926.6957080541592,872.1805059962845,0,0,52.64311777739867,3565.197452696269,0,0,0,9422.127827829781
388,15955.983614269087,5548.245014909667,18550.221465898667,22822.13952284937,4026.8516546399414,3562.3111188527605,295.97231438827345,66466.67076582788,0,626.5695317542885,52.31679469056451,137907.28179808048
389,1357.7102703497478,1749.1363593460103,1904.5180439392925,592.8779183580382,156.45492909709935,0,0,5710.420722978117,0,0,0,11471.118244068304
390,3952.628985785248,1485.0016234908312,9617.118762710508,16828.67951298364,1941.3975320128056,1919.496848487498,609.3708825858907,36829.40217698882,111.32116439350912,481.2134484791735,0,73775.63093791793
391,463.28772018538933,151.39612505441568,1295.6829719648638,210.2614584630891,308.6984708521753,160.3400321674292,81.07630293137498,7276.111372320549,0,0,0,9946.854453939286
392,0,220.19514801059745,0,0,0,0,0,0,0,0,0,220.19514801059745
393,366.77317388059066,0,265.07384715055315,0,0,0,0,0,0,0,0,631.8470210311439
394,2888.3841456567607,4893.004487902159,9400.587397279827,37424.93793258647,3675.730568421324,5440.105988100379,2092.3661424040183,81793.61614064132,0,2948.3437359216305,33.192960577600026,150590.26949949152
395,0,411.9443194194421,0,0,0,0,0,0,0,0,0,411.9443194194421
396,4491.151797613803,4354.860941118435,10374.007221536009,28310.518512312796,2318.949408355485,0,1822.5246538763597,90388.62877608006,0,2902.1932852054256,548.1244553711459,145510.95905146952
397,513.3576004969918,749.8961519325312,2423.3656639152487,7442.11517575658,0,0,0,22256.587773206484,0,0,84.31940217426765,33469.641767482106
398,9871.935281727827,13929.85710558508,18574.931836030184,29507.151574649983,3750.1363628777735,455.00937531236207,2568.54187939081,88683.13412030392,0,6380.258384410192,2218.769729541363,175939.7256498295
399,5053.400564747892,6388.78103394278,14806.007706409457,32621.485476488917,3352.650304502784,1672.8276113734685,4890.430480926951,90340.37978627301,0,4349.772875364902,0,163475.73584003016
400,5599.5334747318675,3661.739374866856,12006.726158354712,32543.27979302742,3734.220125139806,6044.810960923327,4710.385274731164,62057.69184169163,0,7502.698793565155,381.18933177895065,138242.27512881087
401,13213.371428930335,3177.8327143349643,6784.356639749267,33433.27354161812,2753.4342133945916,57.67024315684959,66.33788387350904,103445.305795041,1654.6372091197263,188.7902385426088,0,164775.00990776095
402,5308.085317377837,4405.152189941195,4941.540801696141,21846.22231990503,279.47102919450003,225.71417855694204,1341.1302239089769,67678.37963431259,0,1224.8340304649894,0,107250.5297253582
403,14657.26313721882,7515.768620285402,6082.500127244242,42829.29635499178,4744.548875009041,1467.6089519550874,1710.0592695408875,108043.73329677524,0,2716.1441933191463,356.762237996951,190123.68506433655
404,6935.460876129973,13850.200760433863,50249.44960084782,77078.77451256492,10592.155929303064,14207.012854960893,10696.643642042582,160845.7205338276,3007.4287266931465,13282.352652817248,1220.2365904631804,361965.4366800843
405,4188.198222284297,1466.7388309412386,2716.2291174321285,10981.166615965409,210.31861796031808,0,1093.714555717458,22521.34186636822,0,973.3803980059158,0,44151.08822467499
406,840.4824971247789,881.6148636367504,3322.975317227696,3483.627365300238,1465.794097073931,0,390.807441082922,14123.899292006476,0,0,0,24509.20087345279
407,10582.806988786098,6892.948133167989,22197.040724091297,36313.72329807593,3271.736945537452,11823.577117837183,5003.815306791819,57487.85478645524,146.96755439707886,6242.589233204912,1269.8728234300197,161232.932911775
408,4474.310517200222,6012.898671572237,15763.300597529427,18998.090031555213,1501.3565877410772,1715.902133737938,1647.7522490745623,29784.106059374382,0,642.5933758117001,257.32045640390777,80797.63068000067
409,1200.590681009057,3265.2448446638,14117.499054733804,15456.537330935647,2878.0874316987756,0,1257.247715957609,26209.610876822695,0,1659.4892012039447,0,66044.30713702535
410,12018.558891581548,3031.6837306368516,14739.48029413674,21376.25638606581,741.0489592052262,1137.064898205267,473.95091265225005,88197.94338255546,0,4262.408149381367,0,145978.39560442054
411,3089.7420361045783,3249.781112488305,3380.2897799218467,14733.125644262313,0,346.9053052168777,1179.7308416443457,47237.755795676145,0,1398.1591467900416,0,74615.48966210446
412,2660.4994010449186,555.0702072875083,5909.3582611473785,6394.286860904491,0,159.46272880225993,0,14652.287621847718,0,1085.2813312500748,0,31416.246412284345
413,3160.9161397712155,164.49667706988447,1230.686143729358,1923.6041585097175,0,0,0,9596.35350025688,0,1402.2170764493733,0,17478.27369578643
414,1093.4276393767109,327.07337983147323,827.3559174075957,2541.8975237602735,99.15068072890755,0,49.63584045655155,11829.131732450063,0,525.8651782896063,0,17293.53789230118
415,4075.253169361472,4431.54897276173,6991.573419235408,7515.650043099973,891.8187718506363,0,0,30510.908710316435,0,815.8660000853667,280.547415586254,55513.166502297274
416,0,257.32045640390777,4084.39671459158,6054.954727260469,0,0,410.9297728028738,10905.639448832288,0,648.8994369598429,0,22362.140556850965
417,0,0,0,0,0,0,0,0,0,177.9599232923151,0,177.9599232923151
418,542.8841691291791,942.2114849615504,2558.223639288541,6986.256924140325,203.80251284989512,813.2364873003097,374.4035261866198,16745.365988456488,0,1489.9375036885567,0,30656.322236001462
419,30.928561100490608,0,0,0,0,0,0,0,0,0,0,30.928561100490608
420,408.90143959973983,694.0589221577671,1421.559907363124,3484.87492579192,996.5099321920803,55.717089396468765,161.36910435941724,8420.290745497834,0,600.482431583814,0,16243.764497942166
421,0,0,0,0,0,0,104.15423817265383,0,0,0,0,104.15423817265383
422,2655.366464566443,2016.0307829110625,6229.502926198378,10501.189198637843,311.0328676531621,220.19514801059745,861.6091972310011,24310.00819629976,0,871.9555804665655,0,47976.89036197481
423,0,0,0,0,0,0,0,0,0,0,0,0
424,2343.7743082482493,8194.028779022814,17017.808407020395,22760.748205551165,2445.850373854131,6185.4683184363,1216.60813847544,50168.22195910226,0,1671.0643714719258,914.9025632724171,112918.4754244551
425,958.3687253750411,4651.221829959038,13596.572321951671,15804.796631698402,2405.8649903766827,2110.760662891819,860.4399521475672,51726.55102131243,0,2151.6623845542954,292.41552583525413,94558.65404610221
426,1411.51214059143,1359.002191931572,5439.218027004373,19933.67919320745,4091.060589142467,375.18393304675413,1208.8897431351022,34700.752363112864,0,3392.6694673692564,0,71911.96764854126
427,885.0898584990185,2138.8294934952364,8814.244826666742,3441.624312317749,3919.120066030661,949.8058737511499,1668.2712337527746,7264.83164070235,0,1660.878875420634,254.8036336544905,30997.4998142908
428,21204.51697156604,3485.8437890857085,18234.041300646582,7371.702594284253,1536.0787575762529,1939.2678977446817,1260.8051675053366,15632.039420278976,0,2201.3379007655544,1428.499195711264,74294.13299516466
429,9426.474219644571,20275.169163136932,68909.34617994275,43743.01837018019,8899.775815117122,21801.645744074747,5922.01715212138,55766.29035826489,2852.169232312893,11721.912636848509,6171.845555056311,255489.6644267003
430,626.077732341941,1449.2373337282504,8043.388019724039,3126.7381408836463,2026.4035211998655,1035.4518694099645,1784.441748216655,30730.577464972663,0,0,1096.3324337766965,49918.64826425372
431,659.2905207968219,976.6615570682513,2578.5222667503444,18407.128521248895,319.98480976425253,4128.288707805947,1057.319953032901,15357.265888278684,0,603.2305815639137,0,44087.69280631001
432,0,1879.248502016413,845.5606395369336,2925.3138426949995,2132.7073889652775,0,0,18170.330700034578,0,310.63191908743477,359.82508155269994,26623.61807388833
433,589.7715817957472,2711.700976080753,11503.694333674075,9293.122875447576,0,2268.4608756058615,0,22745.43106963463,0,585.4776598988155,623.3344453672153,50320.99381750468
434,2191.8378570182103,5843.531894577128,10146.325372588348,10431.23602469844,4428.831231790826,0,2381.196710068652,35666.96920399281,0,2580.854476793068,349.3953757879517,74020.17814731544
435,1580.3760192592936,4151.605523856955,6612.105802466594,17575.01114317601,1212.0293308902749,0,1858.6830715962592,40374.93384248178,0,1844.463624011484,0,75209.20835773864
436,5402.845795860152,2107.6336202746456,7149.320233749885,12014.813653836696,283.0338445017478,581.388368996375,894.2455775068489,37257.20474717598,0,790.4846873975009,0,66480.97052929984
437,3558.7334908806333,4117.392669870489,7803.6023223808525,11668.905992712318,1524.2831285902837,0,321.0721730761385,39479.52014036132,0,188.28612278949316,0,68661.79604066152
438,14865.601910544729,9759.14426263922,21872.39501765012,15117.900011827833,6608.910320273832,3163.671035432592,1542.2961255600578,92788.20511848216,0,3924.5373424522654,1059.6588662668528,170702.3200111297
439,947.3242345771021,8226.35820719444,20049.74400835919,23967.875661397607,1744.5624955441704,7492.819216995623,6263.69763860938,107565.1525294499,0,4680.950603165555,1265.2588468319157,182203.7434421249
440,7198.343183047589,3023.133945004982,4855.404522827908,27391.73396950901,2014.7870840168785,4393.598746823801,4585.462642352507,91938.1650935728,0,561.7588095222767,1681.9156722601815,147644.30366893797
441,60.02614848506387,0,767.1881979028667,388.8491182354018,0,0,33.64098991346017,1722.947066681641,0,0,0,2972.6515212184336
442,22717.938761920457,2672.5706869479673,15275.351444861128,18246.682992070353,1505.212117521354,0,408.49196838513905,32399.365548484857,732.3476131168276,897.2706768231819,3066.354589462541,97921.58639959381
443,7774.820529290015,22432.57131334663,28792.705310266836,52601.49168796771,10363.092074277258,11504.065376928917,6385.229920275431,86250.88066078087,1231.620200070385,2201.2607189337155,2727.665969100696,232265.40376123847
444,3653.5724397812673,3046.540747794596,16053.364894588754,20115.875680758836,5230.8535562095785,2012.0187710556277,3757.0694160463386,103784.08286266442,74.93205355578658,2551.5170188273723,0,160279.82744128257
445,0,2284.423995563078,3811.333676664959,16275.890774603358,420.34916315307873,222.15175733991796,2352.7459146653327,67650.00356568926,0,270.7774866045287,0,93287.6763342835
446,0,422.9798871652055,433.1833669049898,604.4145454146873,202.79505063913703,0,746.5310506249224,19327.767418474272,0,0,0,21737.671319223213
447,7187.329786978802,7439.193372748381,17765.237095280438,27350.07478421525,7410.79216515728,1940.6840281463683,1601.7806203493992,60545.26943600251,0,2811.936564880245,555.3966260781353,134607.69447983682
448,2109.856071605784,194.9607444680763,4631.002462327951,2482.2274417982726,169.10753788277174,0,0,17395.055209125545,0,316.2311000003483,0,27298.440567208745
449,351.0105276545932,626.6132451579563,1731.523235119043,1392.6928640343783,484.0919213281155,0,202.00542509584923,9326.783760266582,175.3357789862457,581.1493332344852,182.7197201681832,15053.925811045432
450,249.7196686373005,1109.542820995162,2008.914146300584,2349.091558260792,0,0,0,9644.953307503083,0,1349.715882659232,141.7130911230844,16853.65047547924
451,2369.8675671061146,4386.85359305241,6962.163178954561,9260.946418970128,1291.9838695416602,325.97127338513604,1215.328352394888,30208.347875883705,0,120.39696475727152,1556.2780490412474,57698.13714308712
452,18823.66057007826,10018.491097192384,19635.337041839008,30427.086830907436,7682.9491599861085,4231.80754395473,2067.6960173776574,88908.40968056991,0,6076.7506008111695,0,187872.18854271664
453,11108.459842708702,4335.292970553644,16338.927321044364,21090.77159440257,1172.1511892648211,85.89652257618701,189.80757971994024,47943.94965916108,0,5682.942784645904,2073.571635024774,110021.77109910196
454,2535.5744215096433,8581.918117027795,15730.440622135808,21729.488032554746,5075.388414801035,1085.0854406966378,3085.040899810037,45813.76133140138,219.9817110983146,4390.247957642917,583.4877312453245,108830.41467992362
455,4076.726541664161,9196.8376440287,17947.330105444493,31066.42292074142,4718.374355939158,5371.532245740944,3231.8166474636237,45047.309101674975,0,3572.801569264745,382.8317288228428,124611.98286078508
456,2746.0231636768817,10833.763942334175,47623.27186287982,38010.347238801274,18419.88582330317,12454.378159656488,7294.144126039576,74683.63851258854,1691.5511973967305,9514.945873419061,1345.8474949132092,224617.79739500897
457,5515.36633693952,5424.736582141947,7499.405457824336,31132.923748675355,9647.884360433116,3983.3059393826625,4050.8819976280824,137257.83008195486,0,1809.2200659616024,0,206321.5545709415
458,14489.153318931698,3657.362709944244,17356.717996566676,36687.04132624885,5427.267205541809,7861.290046410101,1205.608616932223,79068.34112479092,0,5688.827864131872,961.5236165046056,172403.13382600297
459,3479.817108584397,687.2723546337099,6892.2229941173,8868.406138150818,0,0,839.6075513338542,35082.50726471865,0,0,0,55849.83341153873
460,1162.7191734761657,151.49014625905156,1417.59442847863,2516.7329616760712,453.02395900482145,132.38090604501485,1281.7763662778334,17109.747773965388,0,162.98554696897028,0,24388.451262151943
461,62.20342709163313,0,760.0633141104532,0,0,0,2366.020673296535,0,0,0,0,3188.2874144986213
462,13251.156306622754,2943.711700652052,12288.757653465324,38921.64547691044,3166.5805426102693,2866.442761339779,929.7763265428604,114341.66778859407,0,3641.373815578326,337.85431835425686,192688.96669067015
463,9852.091814743124,11091.6656079598,28670.300105126906,33939.52850987089,9017.988715124562,8826.451462345492,3248.337020254497,59077.17462529486,0,10293.31951093472,2635.427510628876,176652.28488228374
464,8656.561971087262,4583.5656204408415,3679.86009062694,25590.11888491596,6759.990438857905,2132.656370260283,0,73429.3237783228,0,6318.7763659972425,0,131150.85352050923
465,22878.192267456703,4403.384401426263,7159.495124140933,37576.944082002854,3594.6170683569812,2180.3342438700256,1151.9524741708092,85948.28264698712,0,987.1591144407711,1815.4810079696597,167695.84243082211
466,8928.61826600185,3145.575997870973,5225.588547517086,24824.45337939155,1282.8118450702957,2581.8857146680575,4730.508473496299,52645.38165200232,0,341.1666079404305,0,103705.99048395886
467,7140.957933247496,0,5137.5010063547925,14003.586761396824,1336.7890110646442,0,1840.636676387856,64428.55886986683,0,2316.5662179782216,0,96204.59647629668
468,1234.0840805680457,2074.5812716889845,19806.741978147096,28915.297648682255,3531.6653225206824,3447.226594526708,6852.45871402618,59708.52617296733,0,5327.303289313862,635.1518274843099,131533.03689992544
469,2110.0832302509643,645.533930451993,3944.7171020312417,16036.375327945074,345.00425373131935,265.88607121735,0,28041.530862627133,0,916.0491409543628,0,52305.17991920943
470,3159.9694706173645,3609.2886851434705,5360.246789185171,36563.93546988378,695.9897082549135,1093.226010135917,130.61140652402807,61738.244092821864,0,284.51941083227507,0,112636.0310433988
471,2818.8313151240345,1860.2780837211808,7445.255953159363,14311.84186449104,238.82671861235775,1260.5556761811058,212.2601600946637,30161.880204049223,0,2204.253085519664,0,60513.98306095264
472,762.2967967533859,1961.026073994547,1242.834078920651,15546.099740213804,0,623.7839561060814,137.1880323574454,47345.55988425676,0,3940.369356128892,0,71559.15791873158
473,1598.2762925988186,4278.878575039063,7214.410200502552,49734.07285131918,3316.777723314852,1267.305861705756,4865.400401054193,113130.43170251756,38.45929583898904,7765.7144447349665,0,193209.72734862595
474,10253.6205557727,7644.828818051469,11439.48897666998,14306.043392862335,1721.197603598809,517.8094105329346,135.3510206205198,40175.05065610906,0,4558.008256738894,558.1241150700914,91309.5228060268
475,1735.0449422325105,940.180878894166,2727.1349507118207,4513.209105350458,192.730348995836,0,1479.328578944754,12230.218402145792,0,0,649.7341121118982,24467.581319387235
476,1079.4877915760949,4294.047830232896,17337.041513057833,50884.87241289861,2081.8517043969628,3988.3181721959313,1053.7597552342663,93546.89175267464,0,3777.088368989412,476.10512612062416,178519.46442737724
477,109.16877191337493,0,705.4330828814415,1084.6923234721,0,0,0,2993.3659467086313,0,0,0,4892.660124975548
478,1356.6284389383793,150.44202002223886,1669.9139316850788,2263.3576933204204,0,26.18322596181176,0,4358.894170898974,0,0,0,9825.419480826902
479,27.55918357739007,0,4281.556146112036,3453.911903040814,241.38639842731675,250.592829309774,0,9277.445002764158,0,1101.6070945996075,0,18634.058557831097
480,2306.1959750162214,1380.990435671658,8663.579401447558,7893.112305093736,2268.420565946211,3569.029247655481,479.42101278750886,28909.76153555876,0,1334.3128024105529,113.21537287753308,56918.03865446522
481,293.9061721561509,293.0865897060374,2844.9255437182183,5227.316427571297,0,628.9709996522696,1290.7074888117666,16822.61109490619,0,171.12070071393984,0,27572.645017235867
482,505.4894248933036,34.97702180043356,340.7089919074938,1243.0434859705474,437.76746886642934,0,126.5126320441214,3936.920615437597,0,0,0,6625.419640919925
483,879.8905363984456,1011.863488448428,3735.846214418896,7340.646636062863,333.6822264962182,593.8318338360964,292.4648275319882,16881.783188630867,180.9731190487118,1399.6761642863537,0,32650.658235158862
484,0,0,0,0,0,0,0,0,0,0,0,0
485,0,0,0,0,0,0,0,0,0,0,0,0
486,13175.419778105132,6281.345262796254,41297.010150378504,45051.202909498694,3582.0895066836956,2077.504698411393,7486.90164974792,95780.61061999045,0,1838.6740455857428,492.3676173180353,217063.1262385158
487,9813.94826798972,3900.396899109508,30788.39729816338,28735.032964094626,891.8194196248114,641.9979457963404,0,49521.510520721,0,558.2099253498028,527.0137096873665,125378.32695053652
488,17412.126770523373,10052.34188336935,40408.365624329235,647.4295563628745,1998.0637524166584,1160.568200673622,4080.5941767723134,0,221.3016771283824,1373.1353887923224,1705.1006293727655,79059.02765974088
489,250.90292790340425,1403.7339164122186,2772.837373172397,507.94475624891567,286.5739888586601,127.81803004756692,0,0,0,0,0,5349.8109926431625
490,320.74308053764025,2000.0781897354689,4692.086422327649,19005.92505495793,855.5648014544204,0,0,39684.0776432225,0,305.4429265056971,0,66863.9181187413
491,35.11523806390085,3815.156985529152,4506.006926319131,21868.744807637944,1058.26802512629,350.79542472468995,2029.9221134969243,48574.5496221957,0,275.58320768501113,0,82514.14235077874
492,1757.0186301091865,1655.401248929366,5751.730017775948,12163.648020384477,223.084355371723,2136.1624690106214,1522.9335452045807,21560.01321193336,0,456.14405180032225,0,47226.13555051958
493,1188.5823401208522,1146.7573022450622,4021.2370436633114,2820.588350161126,154.15516906236422,0,466.5796993292543,2982.893501452865,0,0,11.484318112060109,12792.277724146896
494,1586.2841577394256,4108.823671659878,6361.752999107688,30887.45749049296,1813.1793758299543,920.7762317199245,2375.4576227665516,87064.24014728119,0,2226.8617986044364,645.7982098132512,137990.63170501526
495,2812.4247360700233,5329.139952539422,13418.462259355418,25603.079172220532,4680.11071180076,2981.1718496621024,3876.8767275824152,65745.229675771,0,4056.360381687698,0,128502.85546668936
496,2660.2339990780265,3903.775237867581,9624.325180764927,12353.445510414542,1315.8321538138434,1224.4084115410078,2150.651518315278,47330.05352569706,0,5758.6274277483435,0,86321.35296524061
497,4644.372003921678,2421.0619936027324,4231.739356869012,8560.372686424878,1856.3454582807503,97.77017657456697,1262.735453450535,34185.850491452424,0,836.2438680004734,0,58096.49148857704
498,925.4520725078111,2674.8034675528233,4159.669970012356,14533.032791556052,329.0776177757939,245.93032330268,265.2334334975202,41189.02134283228,0,2292.564621495668,0,66614.78564053298
499,4713.862772185599,10078.280858891672,35977.89931663344,12644.384029823012,5008.456788491485,8358.78105608786,629.5128438642453,5162.135641864788,1781.3707419184134,4200.475688723236,979.2777344926861,89534.43747297641
500,430.57413632006114,7922.7742469477535,17712.7162446145,20486.531371201676,3375.438681105561,290.1175604284257,2486.320887296857,13966.868659693537,0,3763.0988052521766,398.6769155612868,70833.11750842183
501,1122.5354322849648,2365.582106530669,7952.118943652906,11116.243228611344,431.0419553008728,0,1868.3668323864513,36301.90672197597,0,1301.898283387799,532.5515617682314,62992.2450658992
502,546.9203740401174,4668.578433633102,24851.83101265168,21123.369133417928,820.7837777444913,2648.841679570196,1450.2543044804313,53491.32581057271,0,4308.275362309774,348.8873292859982,114259.0672177064
503,318.0729985308098,3388.6954664213245,2704.663019436266,7528.183563881531,0,0,371.5144072146788,27506.15508323704,0,0,0,41817.28453872165
504,0,413.68700205837945,8855.5660005092,25196.41436214473,143.177566592264,0,445.7491932009579,56276.10026556351,0,136.53666352600365,0,91467.23105359502
505,420.26869747144735,3126.7232239308782,7043.536334616724,24904.332892535567,0,0,2285.2636109209634,84766.41058432036,0,252.37328546399863,0,122798.90862925992
506,1798.7397398463595,2481.6063861700563,4710.181822794778,25438.96984490197,3813.8693492193406,507.9161480436427,787.8923261607243,59486.867893975024,0,4901.915546984893,392.39918411408536,104320.35824221087
507,931.9837788852404,593.12533222678735,5179.713159751089,1044.1280898039445,168.5344518650626,0,0,13423.976339593124,0,0,0,21341.46115212525
508,1719.5358502001216,1636.5809102191931,10816.78785804387,5021.943540470996,178.45610829871703,232.30062490752255,1746.1558178855987,12537.76419311946,0,194.72271531974368,348.60822393907006,34432.85584240429
509,338.7514507797378,4789.0681605290965,5738.1697657161485,28165.728920765065,1156.8209990143616,481.3708454553222,262.9153999441198,71435.31314105487,0,1719.8845670789617,95.18536907021299,114183.20861940787
510,1342.9330502067485,3103.7075765767154,8137.167709229885,13004.940993383689,316.2266599017215,1039.4209931102178,335.6314927739715,33032.226979605366,0,522.7766906390457,0,60835.03214542736
511,1195.5447746586467,2580.9969613645253,8174.132141437597,10448.477249834872,1145.005169227448,1120.700866730156,1913.559201890824,39452.8965068082,0,55.53012643383638,0,66086.84299838611
512,7022.700316870368,3337.2910151418796,4749.2524377554855,3372.001626121169,0,0,88.20426582504611,26710.744766334647,182.3472606350517,161.0189245800404,0,45623.56061326369
513,7665.648694949563,80.17103381673314,4831.52742886776,4769.390408284105,0,0,229.7878406644936,8039.643027857325,0,207.8402523410732,0,25824.008686781053
514,2512.795533463766,2856.4437136847096,5597.132382291033,17708.744884748477,5066.7500571523715,312.9366367046991,111.21549251089208,82024.51357142303,0,3051.774137055726,0,119242.30640903467
515,0,110.09843724448302,412.69830419463506,37.382820970196896,0,0,0,10526.964045356432,0,178.47282269642363,0,11265.616430462173
516,5401.967614286197,3278.104594141316,16703.159201541708,13492.659467168354,1184.072763946994,63.37301480106664,2298.654398292138,25237.64190358005,0,882.274586589184,383.2017442650785,68925.10928861209
517,11712.93771674718,2236.4886505991235,9021.909925078819,6724.393534142435,809.9588730074864,1741.5577742142707,663.1945953411955,24356.520477143116,983.1928401935843,651.6094660304952,0,58901.763852497716
518,8256.870881653776,6732.40377196103,23393.07670213469,32242.69338364887,4815.31101521598,663.5832589036336,3612.2681226053783,88846.6868571527,0,7893.39125949223,1087.8306377220931,177544.1158904904
519,210.2021995321878,0,1337.2573271570004,1554.9872229934945,222.15509230509363,0,0,6229.855270819862,0,53.49082980891011,0,9607.947942616547
520,0,0,118.84594415878487,0,0,872.6441841803949,0,0,0,0,0,991.4901283391797
521,3266.136679899447,1621.1514129616946,8175.868895955949,3572.6619406651826,168.20163656561212,953.9337239906841,38.5343496917369,25145.80474037677,0,1057.9138295952378,0,44000.20720970231
522,5262.028358289989,1150.326617655572,13200.631058726853,15452.508193040763,2891.4721004603525,119.75175956973108,898.1381967729872,45198.44694756229,0,1309.761547775182,0,85483.06477985371
523,96.67783846118486,0,836.1470638480755,1358.0344231705744,34.29171193281346,0,0,5735.266860113609,0,0,0,8060.417897526258
524,2655.4297553465694,2681.437885606412,9598.46233634918,45072.2937016013,2366.868693724294,930.424486173716,8573.426431484402,83834.04066182577,0,3897.2215905872927,0,159609.60554269893
525,8915.308721932763,2769.45086249639,15399.605438757068,51735.84684781698,2531.625042772506,5047.218569447829,3425.2396650773817,100477.418884177,0,506.8262979174806,0,190808.54033039545
526,14558.461186119044,7244.360178047795,26403.30846101367,51403.84509679772,195.50881759856736,704.9917895842161,2315.471844444542,123875.72846452544,0,1831.2288827108075,0,228532.9047208418
527,684.3037292763591,510.4023999319172,2193.8229904591162,9544.664545556368,0,704.0552312791839,121.09680113186704,16311.249072744762,0,405.82169333162665,0,30475.4164637112
